Source,Source row,Original full path,Cleanup rule,Disposition,Retained target IDs,Retained target paths,Interpretation
May19,2,Accessories > Bags & Backpacks > Backpacks > Mini Backpacks,BASE,KEEP,T001,Accessories > Bags & Backpacks > Backpacks > Mini Backpacks,Approval covers list structure; removed broad paths do not automatically choose a narrower leaf.
May19,3,Accessories > Bags & Backpacks > Backpacks > School Backpacks,BASE,KEEP,T002,Accessories > Bags & Backpacks > Backpacks > School Backpacks,Approval covers list structure; removed broad paths do not automatically choose a narrower leaf.
May19,4,Accessories > Bags & Backpacks > Backpacks > Travel,BASE,KEEP,T003,Accessories > Bags & Backpacks > Backpacks > Travel,Approval covers list structure; removed broad paths do not automatically choose a narrower leaf.
May19,5,Accessories > Bags & Backpacks > Crossbody & Messenger > Fanny Packs/Waist Bags,C7,REMOVE BROAD ROUTE,T009; T010,Accessories > Bags & Backpacks > Fanny Packs > Shoulder; Accessories > Bags & Backpacks > Fanny Packs > Waist,Approval covers list structure; removed broad paths do not automatically choose a narrower leaf.
May19,6,Accessories > Bags & Backpacks > Crossbody & Messenger > Messenger Bags,BASE,KEEP,T004,Accessories > Bags & Backpacks > Crossbody & Messenger > Messenger Bags,Approval covers list structure; removed broad paths do not automatically choose a narrower leaf.
May19,7,Accessories > Bags & Backpacks > Crossbody Bags > Casual,BASE,KEEP,T005,Accessories > Bags & Backpacks > Crossbody Bags > Casual,Approval covers list structure; removed broad paths do not automatically choose a narrower leaf.
May19,8,Accessories > Bags & Backpacks > Crossbody Bags > Sport,BASE,KEEP,T006,Accessories > Bags & Backpacks > Crossbody Bags > Sport,Approval covers list structure; removed broad paths do not automatically choose a narrower leaf.
May19,9,Accessories > Bags & Backpacks > Duffle Bags > Gym Bags,BASE,KEEP,T007,Accessories > Bags & Backpacks > Duffle Bags > Gym Bags,Approval covers list structure; removed broad paths do not automatically choose a narrower leaf.
May19,10,Accessories > Bags & Backpacks > Duffle Bags > Travel,BASE,KEEP,T008,Accessories > Bags & Backpacks > Duffle Bags > Travel,Approval covers list structure; removed broad paths do not automatically choose a narrower leaf.
May19,11,Accessories > Bags & Backpacks > Fanny Packs > Shoulder,BASE,KEEP,T009,Accessories > Bags & Backpacks > Fanny Packs > Shoulder,Approval covers list structure; removed broad paths do not automatically choose a narrower leaf.
May19,12,Accessories > Bags & Backpacks > Fanny Packs > Waist,BASE,KEEP,T010,Accessories > Bags & Backpacks > Fanny Packs > Waist,Approval covers list structure; removed broad paths do not automatically choose a narrower leaf.
May19,13,Accessories > Bags & Backpacks > Handbags & Totes > Totes,C7,REMOVE BROAD ROUTE,T011; T012,Accessories > Bags & Backpacks > Tote Bags > Canvas; Accessories > Bags & Backpacks > Tote Bags > Leather,Approval covers list structure; removed broad paths do not automatically choose a narrower leaf.
May19,14,Accessories > Bags & Backpacks > Tote Bags > Canvas,BASE,KEEP,T011,Accessories > Bags & Backpacks > Tote Bags > Canvas,Approval covers list structure; removed broad paths do not automatically choose a narrower leaf.
May19,15,Accessories > Bags & Backpacks > Tote Bags > Leather,BASE,KEEP,T012,Accessories > Bags & Backpacks > Tote Bags > Leather,Approval covers list structure; removed broad paths do not automatically choose a narrower leaf.
May19,16,Accessories > Bags & Backpacks > Wallets & Card Holders > Wallets,BASE,KEEP,T013,Accessories > Bags & Backpacks > Wallets & Card Holders > Wallets,Approval covers list structure; removed broad paths do not automatically choose a narrower leaf.
May19,17,Accessories > Beauty & Grooming > Fragrance > Body Mist,BASE,KEEP,T014,Accessories > Beauty & Grooming > Fragrance > Body Mist,Approval covers list structure; removed broad paths do not automatically choose a narrower leaf.
May19,18,Accessories > Beauty & Grooming > Fragrance > Cologne,BASE,KEEP,T015,Accessories > Beauty & Grooming > Fragrance > Cologne,Approval covers list structure; removed broad paths do not automatically choose a narrower leaf.
May19,19,Accessories > Beauty & Grooming > Grooming > Beard Care,BASE,KEEP,T016,Accessories > Beauty & Grooming > Grooming > Beard Care,Approval covers list structure; removed broad paths do not automatically choose a narrower leaf.
May19,20,Accessories > Beauty & Grooming > Grooming > Hair Care,BASE,KEEP,T017,Accessories > Beauty & Grooming > Grooming > Hair Care,Approval covers list structure; removed broad paths do not automatically choose a narrower leaf.
May19,21,Accessories > Beauty & Grooming > Makeup > Eye Color,BASE,KEEP,T018,Accessories > Beauty & Grooming > Makeup > Eye Color,Approval covers list structure; removed broad paths do not automatically choose a narrower leaf.
May19,22,Accessories > Beauty & Grooming > Makeup > Lip Color,BASE,KEEP,T019,Accessories > Beauty & Grooming > Makeup > Lip Color,Approval covers list structure; removed broad paths do not automatically choose a narrower leaf.
May19,23,Accessories > Beauty & Grooming > Skincare > Cleansers,BASE,KEEP,T020,Accessories > Beauty & Grooming > Skincare > Cleansers,Approval covers list structure; removed broad paths do not automatically choose a narrower leaf.
May19,24,Accessories > Beauty & Grooming > Skincare > Moisturizers,BASE,KEEP,T021,Accessories > Beauty & Grooming > Skincare > Moisturizers,Approval covers list structure; removed broad paths do not automatically choose a narrower leaf.
May19,25,Accessories > Beauty & Grooming > Sun Care > After Sun,BASE,KEEP,T022,Accessories > Beauty & Grooming > Sun Care > After Sun,Approval covers list structure; removed broad paths do not automatically choose a narrower leaf.
May19,26,Accessories > Beauty & Grooming > Sun Care > Sunscreen,BASE,KEEP,T023,Accessories > Beauty & Grooming > Sun Care > Sunscreen,Approval covers list structure; removed broad paths do not automatically choose a narrower leaf.
May19,27,Accessories > Belts > Casual > Leather,BASE,KEEP,T024,Accessories > Belts > Casual > Leather,Approval covers list structure; removed broad paths do not automatically choose a narrower leaf.
May19,28,Accessories > Belts > Casual > Webbed,BASE,KEEP,T025,Accessories > Belts > Casual > Webbed,Approval covers list structure; removed broad paths do not automatically choose a narrower leaf.
May19,29,Accessories > Belts > Dress > Leather,BASE,KEEP,T026,Accessories > Belts > Dress > Leather,Approval covers list structure; removed broad paths do not automatically choose a narrower leaf.
May19,30,Accessories > Gear & Misc > Personal & Small Accessories > Keychains,BASE,KEEP,T027,Accessories > Gear & Misc > Personal & Small Accessories > Keychains,Approval covers list structure; removed broad paths do not automatically choose a narrower leaf.
May19,31,Accessories > Gear & Misc > Personal & Small Accessories > Sunglasses,BASE,KEEP,T028,Accessories > Gear & Misc > Personal & Small Accessories > Sunglasses,Approval covers list structure; removed broad paths do not automatically choose a narrower leaf.
May19,32,Accessories > Gear & Misc > Personal & Small Accessories > Wallet Chains,BASE,KEEP,T029,Accessories > Gear & Misc > Personal & Small Accessories > Wallet Chains,Approval covers list structure; removed broad paths do not automatically choose a narrower leaf.
May19,33,Accessories > Gear & Misc > Shoe Care & Accessories > Crease Guards,BASE,KEEP,T030,Accessories > Gear & Misc > Shoe Care & Accessories > Crease Guards,Approval covers list structure; removed broad paths do not automatically choose a narrower leaf.
May19,34,Accessories > Gear & Misc > Shoe Care & Accessories > Shoe Cleaner,BASE,KEEP,T031,Accessories > Gear & Misc > Shoe Care & Accessories > Shoe Cleaner,Approval covers list structure; removed broad paths do not automatically choose a narrower leaf.
May19,35,Accessories > Gear & Misc > Shoe Care & Accessories > Shoe Laces,BASE,KEEP,T032,Accessories > Gear & Misc > Shoe Care & Accessories > Shoe Laces,Approval covers list structure; removed broad paths do not automatically choose a narrower leaf.
May19,36,Accessories > Hair Accessories > Clips & Pins > Bobby Pins,BASE,KEEP,T033,Accessories > Hair Accessories > Clips & Pins > Bobby Pins,Approval covers list structure; removed broad paths do not automatically choose a narrower leaf.
May19,37,Accessories > Hair Accessories > Clips & Pins > Hair Clips,BASE,KEEP,T034,Accessories > Hair Accessories > Clips & Pins > Hair Clips,Approval covers list structure; removed broad paths do not automatically choose a narrower leaf.
May19,38,Accessories > Hair Accessories > Headbands & Ties > Hair Ties,BASE,KEEP,T035,Accessories > Hair Accessories > Headbands & Ties > Hair Ties,Approval covers list structure; removed broad paths do not automatically choose a narrower leaf.
May19,39,Accessories > Hair Accessories > Headbands & Ties > Headbands,BASE,KEEP,T036,Accessories > Hair Accessories > Headbands & Ties > Headbands,Approval covers list structure; removed broad paths do not automatically choose a narrower leaf.
May19,40,Accessories > Headwear > Beanies > Balaclava,BASE,KEEP,T037,Accessories > Headwear > Beanies > Balaclava,Approval covers list structure; removed broad paths do not automatically choose a narrower leaf.
May19,41,Accessories > Headwear > Beanies > Cuffed Beanies,BASE,KEEP,T038,Accessories > Headwear > Beanies > Cuffed Beanies,Approval covers list structure; removed broad paths do not automatically choose a narrower leaf.
May19,42,Accessories > Headwear > Beanies > Pom,BASE,KEEP,T039,Accessories > Headwear > Beanies > Pom,Approval covers list structure; removed broad paths do not automatically choose a narrower leaf.
May19,43,Accessories > Headwear > Beanies > Slouch Beanies,BASE,KEEP,T040,Accessories > Headwear > Beanies > Slouch Beanies,Approval covers list structure; removed broad paths do not automatically choose a narrower leaf.
May19,44,Accessories > Headwear > Bucket Hats > Canvas,BASE,KEEP,T041,Accessories > Headwear > Bucket Hats > Canvas,Approval covers list structure; removed broad paths do not automatically choose a narrower leaf.
May19,45,Accessories > Headwear > Bucket Hats > Nylon,BASE,KEEP,T042,Accessories > Headwear > Bucket Hats > Nylon,Approval covers list structure; removed broad paths do not automatically choose a narrower leaf.
May19,46,Accessories > Headwear > Caps > 5-Panel Caps,BASE,KEEP,T043,Accessories > Headwear > Caps > 5-Panel Caps,Approval covers list structure; removed broad paths do not automatically choose a narrower leaf.
May19,47,Accessories > Headwear > Caps > Dad Hats,BASE,KEEP,T044,Accessories > Headwear > Caps > Dad Hats,Approval covers list structure; removed broad paths do not automatically choose a narrower leaf.
May19,48,Accessories > Headwear > Caps > Fitted,BASE,KEEP,T045,Accessories > Headwear > Caps > Fitted,Approval covers list structure; removed broad paths do not automatically choose a narrower leaf.
May19,49,Accessories > Headwear > Caps > Snapbacks,BASE,KEEP,T046,Accessories > Headwear > Caps > Snapbacks,Approval covers list structure; removed broad paths do not automatically choose a narrower leaf.
May19,50,Accessories > Headwear > Caps > Trucker Hats,BASE,KEEP,T047,Accessories > Headwear > Caps > Trucker Hats,Approval covers list structure; removed broad paths do not automatically choose a narrower leaf.
May19,51,Accessories > Headwear > Licensed Fanwear > MLB,BASE,KEEP,T048,Accessories > Headwear > Licensed Fanwear > MLB,Approval covers list structure; removed broad paths do not automatically choose a narrower leaf.
May19,52,Accessories > Headwear > Licensed Fanwear > NBA,BASE,KEEP,T049,Accessories > Headwear > Licensed Fanwear > NBA,Approval covers list structure; removed broad paths do not automatically choose a narrower leaf.
May19,53,Accessories > Headwear > Licensed Fanwear > NFL,BASE,KEEP,T050,Accessories > Headwear > Licensed Fanwear > NFL,Approval covers list structure; removed broad paths do not automatically choose a narrower leaf.
May19,54,Accessories > Headwear > Visors > Sport,BASE,KEEP,T051,Accessories > Headwear > Visors > Sport,Approval covers list structure; removed broad paths do not automatically choose a narrower leaf.
May19,55,Accessories > Jewelry & Watches > Bracelets > Leather,BASE,KEEP,T052,Accessories > Jewelry & Watches > Bracelets > Leather,Approval covers list structure; removed broad paths do not automatically choose a narrower leaf.
May19,56,Accessories > Jewelry & Watches > Bracelets > Metal,BASE,KEEP,T053,Accessories > Jewelry & Watches > Bracelets > Metal,Approval covers list structure; removed broad paths do not automatically choose a narrower leaf.
May19,57,Accessories > Jewelry & Watches > Necklaces > Chains,BASE,KEEP,T054,Accessories > Jewelry & Watches > Necklaces > Chains,Approval covers list structure; removed broad paths do not automatically choose a narrower leaf.
May19,58,Accessories > Jewelry & Watches > Necklaces > Pendants,BASE,KEEP,T055,Accessories > Jewelry & Watches > Necklaces > Pendants,Approval covers list structure; removed broad paths do not automatically choose a narrower leaf.
May19,59,Accessories > Jewelry & Watches > Rings > Bands,BASE,KEEP,T056,Accessories > Jewelry & Watches > Rings > Bands,Approval covers list structure; removed broad paths do not automatically choose a narrower leaf.
May19,60,Accessories > Jewelry & Watches > Watches > Analog,BASE,KEEP,T057,Accessories > Jewelry & Watches > Watches > Analog,Approval covers list structure; removed broad paths do not automatically choose a narrower leaf.
May19,61,Accessories > Jewelry & Watches > Watches > Digital,BASE,KEEP,T058,Accessories > Jewelry & Watches > Watches > Digital,Approval covers list structure; removed broad paths do not automatically choose a narrower leaf.
May19,62,Accessories > Jewelry & Watches > Watches > Smartwatches,BASE,KEEP,T059,Accessories > Jewelry & Watches > Watches > Smartwatches,Approval covers list structure; removed broad paths do not automatically choose a narrower leaf.
May19,63,Accessories > Socks > Athletic > Ankle,BASE,KEEP,T060,Accessories > Socks > Athletic > Ankle,Approval covers list structure; removed broad paths do not automatically choose a narrower leaf.
May19,64,Accessories > Socks > Athletic > Crew,BASE,KEEP,T061,Accessories > Socks > Athletic > Crew,Approval covers list structure; removed broad paths do not automatically choose a narrower leaf.
May19,65,Accessories > Socks > Athletic > No-Show,BASE,KEEP,T062,Accessories > Socks > Athletic > No-Show,Approval covers list structure; removed broad paths do not automatically choose a narrower leaf.
May19,66,Accessories > Socks > Casual > Dress,BASE,KEEP,T063,Accessories > Socks > Casual > Dress,Approval covers list structure; removed broad paths do not automatically choose a narrower leaf.
May19,67,Accessories > Socks > Casual > Novelty,BASE,KEEP,T064,Accessories > Socks > Casual > Novelty,Approval covers list structure; removed broad paths do not automatically choose a narrower leaf.
May19,68,Accessories > Tech Accessories > Phone Cases > Leather,BASE,KEEP,T065,Accessories > Tech Accessories > Phone Cases > Leather,Approval covers list structure; removed broad paths do not automatically choose a narrower leaf.
May19,69,Accessories > Tech Accessories > Phone Cases > Silicone,BASE,KEEP,T066,Accessories > Tech Accessories > Phone Cases > Silicone,Approval covers list structure; removed broad paths do not automatically choose a narrower leaf.
May19,70,Clothing > Activewear > Athletic Jackets > Athletic Jackets,C2,MOVE OR MERGE,T119,Clothing > Outerwear & Jackets > Jackets > Athletic Jackets,Approval covers list structure; removed broad paths do not automatically choose a narrower leaf.
May19,71,Clothing > Activewear > Athletic Shorts > Athletic Shorts,C2,MOVE OR MERGE,T082,Clothing > Bottoms > Shorts > Athletic Shorts,Approval covers list structure; removed broad paths do not automatically choose a narrower leaf.
May19,72,Clothing > Activewear > Joggers > Joggers,C2,MOVE OR MERGE,T079,Clothing > Bottoms > Pants > Joggers,Approval covers list structure; removed broad paths do not automatically choose a narrower leaf.
May19,73,Clothing > Activewear > Leggings > Compression,C2,MOVE OR MERGE,T074,Clothing > Bottoms > Leggings > Compression,Approval covers list structure; removed broad paths do not automatically choose a narrower leaf.
May19,74,Clothing > Activewear > Leggings > Performance,C2,MOVE OR MERGE,T075,Clothing > Bottoms > Leggings > Performance,Approval covers list structure; removed broad paths do not automatically choose a narrower leaf.
May19,75,Clothing > Activewear > Performance Tees > Performance Tees,C2,MOVE OR MERGE,T165,Clothing > Tops > T-Shirts > Performance Tees,Approval covers list structure; removed broad paths do not automatically choose a narrower leaf.
May19,76,Clothing > Activewear > Sports Bras > Sports Bras,C2,MOVE OR MERGE,T103,Clothing > Intimates & Sleepwear > Bras > Sports Bras,Approval covers list structure; removed broad paths do not automatically choose a narrower leaf.
May19,77,Clothing > Activewear > Tank Tops > Tank Tops,C2,REMOVE BROAD ROUTE,T170; T171,Clothing > Tops > Tank Tops > Athletic; Clothing > Tops > Tank Tops > Casual,Approval covers list structure; removed broad paths do not automatically choose a narrower leaf.
May19,78,Clothing > Activewear > Track Pants > Track Pants,C2,MOVE OR MERGE,T080,Clothing > Bottoms > Pants > Track Pants,Approval covers list structure; removed broad paths do not automatically choose a narrower leaf.
May19,79,Clothing > Bottoms > Jeans > Bootcut,BASE,KEEP,T067,Clothing > Bottoms > Jeans > Bootcut,Approval covers list structure; removed broad paths do not automatically choose a narrower leaf.
May19,80,Clothing > Bottoms > Jeans > Relaxed,BASE,KEEP,T068,Clothing > Bottoms > Jeans > Relaxed,Approval covers list structure; removed broad paths do not automatically choose a narrower leaf.
May19,81,Clothing > Bottoms > Jeans > Skinny,BASE,KEEP,T069,Clothing > Bottoms > Jeans > Skinny,Approval covers list structure; removed broad paths do not automatically choose a narrower leaf.
May19,82,Clothing > Bottoms > Jeans > Slim,BASE,KEEP,T070,Clothing > Bottoms > Jeans > Slim,Approval covers list structure; removed broad paths do not automatically choose a narrower leaf.
May19,83,Clothing > Bottoms > Jeans > Straight,BASE,KEEP,T071,Clothing > Bottoms > Jeans > Straight,Approval covers list structure; removed broad paths do not automatically choose a narrower leaf.
May19,84,Clothing > Bottoms > Leggings > Athletic,BASE,KEEP,T072,Clothing > Bottoms > Leggings > Athletic,Approval covers list structure; removed broad paths do not automatically choose a narrower leaf.
May19,85,Clothing > Bottoms > Leggings > Casual,BASE,KEEP,T073,Clothing > Bottoms > Leggings > Casual,Approval covers list structure; removed broad paths do not automatically choose a narrower leaf.
May19,86,Clothing > Bottoms > Pants > Cargo Pants,BASE,KEEP,T076,Clothing > Bottoms > Pants > Cargo Pants,Approval covers list structure; removed broad paths do not automatically choose a narrower leaf.
May19,87,Clothing > Bottoms > Pants > Chinos,BASE,KEEP,T077,Clothing > Bottoms > Pants > Chinos,Approval covers list structure; removed broad paths do not automatically choose a narrower leaf.
May19,88,Clothing > Bottoms > Pants > Dress Pants,BASE,KEEP,T078,Clothing > Bottoms > Pants > Dress Pants,Approval covers list structure; removed broad paths do not automatically choose a narrower leaf.
May19,89,Clothing > Bottoms > Pants > Joggers,BASE,KEEP,T079,Clothing > Bottoms > Pants > Joggers,Approval covers list structure; removed broad paths do not automatically choose a narrower leaf.
May19,90,Clothing > Bottoms > Pants > Track Pants,BASE,KEEP,T080,Clothing > Bottoms > Pants > Track Pants,Approval covers list structure; removed broad paths do not automatically choose a narrower leaf.
May19,91,Clothing > Bottoms > Pants > Twill Pants,BASE,KEEP,T081,Clothing > Bottoms > Pants > Twill Pants,Approval covers list structure; removed broad paths do not automatically choose a narrower leaf.
May19,92,Clothing > Bottoms > Shorts > Athletic Shorts,BASE,KEEP,T082,Clothing > Bottoms > Shorts > Athletic Shorts,Approval covers list structure; removed broad paths do not automatically choose a narrower leaf.
May19,93,Clothing > Bottoms > Shorts > Boardshorts,C7,REMOVE BROAD ROUTE,T132; T133,Clothing > Swimwear > Boardshorts > Hybrid; Clothing > Swimwear > Boardshorts > Regular,Approval covers list structure; removed broad paths do not automatically choose a narrower leaf.
May19,94,Clothing > Bottoms > Shorts > Casual Shorts,BASE,KEEP,T083,Clothing > Bottoms > Shorts > Casual Shorts,Approval covers list structure; removed broad paths do not automatically choose a narrower leaf.
May19,95,Clothing > Bottoms > Shorts > Cut-Off Shorts,BASE,KEEP,T084,Clothing > Bottoms > Shorts > Cut-Off Shorts,Approval covers list structure; removed broad paths do not automatically choose a narrower leaf.
May19,96,Clothing > Bottoms > Shorts > Denim Shorts,BASE,KEEP,T085,Clothing > Bottoms > Shorts > Denim Shorts,Approval covers list structure; removed broad paths do not automatically choose a narrower leaf.
May19,97,Clothing > Bottoms > Shorts > Sweatshorts,BASE,KEEP,T086,Clothing > Bottoms > Shorts > Sweatshorts,Approval covers list structure; removed broad paths do not automatically choose a narrower leaf.
May19,98,Clothing > Bottoms > Skirts > Maxi,BASE,KEEP,T087,Clothing > Bottoms > Skirts > Maxi,Approval covers list structure; removed broad paths do not automatically choose a narrower leaf.
May19,99,Clothing > Bottoms > Skirts > Midi,BASE,KEEP,T088,Clothing > Bottoms > Skirts > Midi,Approval covers list structure; removed broad paths do not automatically choose a narrower leaf.
May19,100,Clothing > Bottoms > Skirts > Mini,BASE,KEEP,T089,Clothing > Bottoms > Skirts > Mini,Approval covers list structure; removed broad paths do not automatically choose a narrower leaf.
May19,101,Clothing > Bottoms > Sweatpants > Fleece,BASE,KEEP,T090,Clothing > Bottoms > Sweatpants > Fleece,Approval covers list structure; removed broad paths do not automatically choose a narrower leaf.
May19,102,Clothing > Bottoms > Sweatpants > French Terry,BASE,KEEP,T091,Clothing > Bottoms > Sweatpants > French Terry,Approval covers list structure; removed broad paths do not automatically choose a narrower leaf.
May19,103,Clothing > Dresses & Rompers > Dresses > Bodycon,BASE,KEEP,T092,Clothing > Dresses & Rompers > Dresses > Bodycon,Approval covers list structure; removed broad paths do not automatically choose a narrower leaf.
May19,104,Clothing > Dresses & Rompers > Dresses > Maxi,BASE,KEEP,T093,Clothing > Dresses & Rompers > Dresses > Maxi,Approval covers list structure; removed broad paths do not automatically choose a narrower leaf.
May19,105,Clothing > Dresses & Rompers > Dresses > Midi,BASE,KEEP,T094,Clothing > Dresses & Rompers > Dresses > Midi,Approval covers list structure; removed broad paths do not automatically choose a narrower leaf.
May19,106,Clothing > Dresses & Rompers > Dresses > Mini,BASE,KEEP,T095,Clothing > Dresses & Rompers > Dresses > Mini,Approval covers list structure; removed broad paths do not automatically choose a narrower leaf.
May19,107,Clothing > Dresses & Rompers > Rompers & Jumpsuits > Jumpsuits,BASE,KEEP,T096,Clothing > Dresses & Rompers > Rompers & Jumpsuits > Jumpsuits,Approval covers list structure; removed broad paths do not automatically choose a narrower leaf.
May19,108,Clothing > Dresses & Rompers > Rompers & Jumpsuits > Rompers,BASE,KEEP,T097,Clothing > Dresses & Rompers > Rompers & Jumpsuits > Rompers,Approval covers list structure; removed broad paths do not automatically choose a narrower leaf.
May19,109,Clothing > Hoodies & Sweatshirts > Hoodies > Pullover Hoodies,BASE,KEEP,T098,Clothing > Hoodies & Sweatshirts > Hoodies > Pullover Hoodies,Approval covers list structure; removed broad paths do not automatically choose a narrower leaf.
May19,110,Clothing > Hoodies & Sweatshirts > Hoodies > Zip-Up Hoodies,BASE,KEEP,T099,Clothing > Hoodies & Sweatshirts > Hoodies > Zip-Up Hoodies,Approval covers list structure; removed broad paths do not automatically choose a narrower leaf.
May19,111,Clothing > Hoodies & Sweatshirts > Sweatshirts > Crewneck Sweatshirts,BASE,KEEP,T100,Clothing > Hoodies & Sweatshirts > Sweatshirts > Crewneck Sweatshirts,Approval covers list structure; removed broad paths do not automatically choose a narrower leaf.
May19,112,Clothing > Hoodies & Sweatshirts > Sweatshirts > Quarter-Zip,BASE,KEEP,T101,Clothing > Hoodies & Sweatshirts > Sweatshirts > Quarter-Zip,Approval covers list structure; removed broad paths do not automatically choose a narrower leaf.
May19,113,Clothing > Intimates & Sleepwear > Bras > Everyday Bras,BASE,KEEP,T102,Clothing > Intimates & Sleepwear > Bras > Everyday Bras,Approval covers list structure; removed broad paths do not automatically choose a narrower leaf.
May19,114,Clothing > Intimates & Sleepwear > Sleepwear > Nightgowns,BASE,KEEP,T104,Clothing > Intimates & Sleepwear > Sleepwear > Nightgowns,Approval covers list structure; removed broad paths do not automatically choose a narrower leaf.
May19,115,Clothing > Intimates & Sleepwear > Sleepwear > Pajama Sets,BASE,KEEP,T105,Clothing > Intimates & Sleepwear > Sleepwear > Pajama Sets,Approval covers list structure; removed broad paths do not automatically choose a narrower leaf.
May19,116,Clothing > Intimates & Sleepwear > Sleepwear > Robes,BASE,KEEP,T106,Clothing > Intimates & Sleepwear > Sleepwear > Robes,Approval covers list structure; removed broad paths do not automatically choose a narrower leaf.
May19,117,Clothing > Intimates & Sleepwear > Underwear > Boxer Briefs,BASE,KEEP,T107,Clothing > Intimates & Sleepwear > Underwear > Boxer Briefs,Approval covers list structure; removed broad paths do not automatically choose a narrower leaf.
May19,118,Clothing > Intimates & Sleepwear > Underwear > Boxers,BASE,KEEP,T108,Clothing > Intimates & Sleepwear > Underwear > Boxers,Approval covers list structure; removed broad paths do not automatically choose a narrower leaf.
May19,119,Clothing > Intimates & Sleepwear > Underwear > Briefs,BASE,KEEP,T109,Clothing > Intimates & Sleepwear > Underwear > Briefs,Approval covers list structure; removed broad paths do not automatically choose a narrower leaf.
May19,120,Clothing > Matching Sets > Tracksuits > Full Zip,BASE,KEEP,T110,Clothing > Matching Sets > Tracksuits > Full Zip,Approval covers list structure; removed broad paths do not automatically choose a narrower leaf.
May19,121,Clothing > Matching Sets > Tracksuits > Pullover,BASE,KEEP,T111,Clothing > Matching Sets > Tracksuits > Pullover,Approval covers list structure; removed broad paths do not automatically choose a narrower leaf.
May19,122,Clothing > Matching Sets > Two-Piece Sets > Crop Top Sets,BASE,KEEP,T112,Clothing > Matching Sets > Two-Piece Sets > Crop Top Sets,Approval covers list structure; removed broad paths do not automatically choose a narrower leaf.
May19,123,Clothing > Matching Sets > Two-Piece Sets > Shorts Sets,BASE,KEEP,T113,Clothing > Matching Sets > Two-Piece Sets > Shorts Sets,Approval covers list structure; removed broad paths do not automatically choose a narrower leaf.
May19,124,Clothing > Outerwear & Jackets > Coats & Parkas > Anoraks,BASE,KEEP,T114,Clothing > Outerwear & Jackets > Coats & Parkas > Anoraks,Approval covers list structure; removed broad paths do not automatically choose a narrower leaf.
May19,125,Clothing > Outerwear & Jackets > Coats & Parkas > Parkas,BASE,KEEP,T115,Clothing > Outerwear & Jackets > Coats & Parkas > Parkas,Approval covers list structure; removed broad paths do not automatically choose a narrower leaf.
May19,126,Clothing > Outerwear & Jackets > Coats & Parkas > Peacoats,BASE,KEEP,T116,Clothing > Outerwear & Jackets > Coats & Parkas > Peacoats,Approval covers list structure; removed broad paths do not automatically choose a narrower leaf.
May19,127,Clothing > Outerwear & Jackets > Coats & Parkas > Puffer Coats,BASE,KEEP,T117,Clothing > Outerwear & Jackets > Coats & Parkas > Puffer Coats,Approval covers list structure; removed broad paths do not automatically choose a narrower leaf.
May19,128,Clothing > Outerwear & Jackets > Coats & Parkas > Trench Coats,BASE,KEEP,T118,Clothing > Outerwear & Jackets > Coats & Parkas > Trench Coats,Approval covers list structure; removed broad paths do not automatically choose a narrower leaf.
May19,129,Clothing > Outerwear & Jackets > Jackets > Bomber Jackets,BASE,KEEP,T120,Clothing > Outerwear & Jackets > Jackets > Bomber Jackets,Approval covers list structure; removed broad paths do not automatically choose a narrower leaf.
May19,130,Clothing > Outerwear & Jackets > Jackets > Denim Jackets,BASE,KEEP,T121,Clothing > Outerwear & Jackets > Jackets > Denim Jackets,Approval covers list structure; removed broad paths do not automatically choose a narrower leaf.
May19,131,Clothing > Outerwear & Jackets > Jackets > Leather/Moto Jackets,BASE,KEEP,T122,Clothing > Outerwear & Jackets > Jackets > Leather/Moto Jackets,Approval covers list structure; removed broad paths do not automatically choose a narrower leaf.
May19,132,Clothing > Outerwear & Jackets > Jackets > Racing Jackets,BASE,KEEP,T123,Clothing > Outerwear & Jackets > Jackets > Racing Jackets,Approval covers list structure; removed broad paths do not automatically choose a narrower leaf.
May19,133,Clothing > Outerwear & Jackets > Jackets > Track Jackets,BASE,KEEP,T124,Clothing > Outerwear & Jackets > Jackets > Track Jackets,Approval covers list structure; removed broad paths do not automatically choose a narrower leaf.
May19,134,Clothing > Outerwear & Jackets > Jackets > Varsity Jackets,BASE,KEEP,T125,Clothing > Outerwear & Jackets > Jackets > Varsity Jackets,Approval covers list structure; removed broad paths do not automatically choose a narrower leaf.
May19,135,Clothing > Outerwear & Jackets > Jackets > Windbreakers,BASE,KEEP,T126,Clothing > Outerwear & Jackets > Jackets > Windbreakers,Approval covers list structure; removed broad paths do not automatically choose a narrower leaf.
May19,136,Clothing > Outerwear & Jackets > Vests > Fleece Vests,BASE,KEEP,T127,Clothing > Outerwear & Jackets > Vests > Fleece Vests,Approval covers list structure; removed broad paths do not automatically choose a narrower leaf.
May19,137,Clothing > Outerwear & Jackets > Vests > Puffer Vests,BASE,KEEP,T128,Clothing > Outerwear & Jackets > Vests > Puffer Vests,Approval covers list structure; removed broad paths do not automatically choose a narrower leaf.
May19,138,Clothing > Outerwear & Jackets > Vests > Utility Vests,BASE,KEEP,T129,Clothing > Outerwear & Jackets > Vests > Utility Vests,Approval covers list structure; removed broad paths do not automatically choose a narrower leaf.
May19,139,Clothing > Swimwear > Bikinis > Bandeau,BASE,KEEP,T130,Clothing > Swimwear > Bikinis > Bandeau,Approval covers list structure; removed broad paths do not automatically choose a narrower leaf.
May19,140,Clothing > Swimwear > Bikinis > Triangle,BASE,KEEP,T131,Clothing > Swimwear > Bikinis > Triangle,Approval covers list structure; removed broad paths do not automatically choose a narrower leaf.
May19,141,Clothing > Swimwear > Boardshorts > Hybrid,BASE,KEEP,T132,Clothing > Swimwear > Boardshorts > Hybrid,Approval covers list structure; removed broad paths do not automatically choose a narrower leaf.
May19,142,Clothing > Swimwear > Boardshorts > Regular,BASE,KEEP,T133,Clothing > Swimwear > Boardshorts > Regular,Approval covers list structure; removed broad paths do not automatically choose a narrower leaf.
May19,143,Clothing > Swimwear > Briefs > Competition,BASE,KEEP,T134,Clothing > Swimwear > Briefs > Competition,Approval covers list structure; removed broad paths do not automatically choose a narrower leaf.
May19,144,Clothing > Swimwear > Briefs > Fashion,BASE,KEEP,T135,Clothing > Swimwear > Briefs > Fashion,Approval covers list structure; removed broad paths do not automatically choose a narrower leaf.
May19,145,Clothing > Swimwear > Cover-Ups > Dress,BASE,KEEP,T136,Clothing > Swimwear > Cover-Ups > Dress,Approval covers list structure; removed broad paths do not automatically choose a narrower leaf.
May19,146,Clothing > Swimwear > Cover-Ups > Kimono,BASE,KEEP,T137,Clothing > Swimwear > Cover-Ups > Kimono,Approval covers list structure; removed broad paths do not automatically choose a narrower leaf.
May19,147,Clothing > Swimwear > One-Piece > Classic,BASE,KEEP,T138,Clothing > Swimwear > One-Piece > Classic,Approval covers list structure; removed broad paths do not automatically choose a narrower leaf.
May19,148,Clothing > Swimwear > One-Piece > Sporty,BASE,KEEP,T139,Clothing > Swimwear > One-Piece > Sporty,Approval covers list structure; removed broad paths do not automatically choose a narrower leaf.
May19,149,Clothing > Swimwear > Trunks > Classic,BASE,KEEP,T140,Clothing > Swimwear > Trunks > Classic,Approval covers list structure; removed broad paths do not automatically choose a narrower leaf.
May19,150,Clothing > Swimwear > Trunks > Print,BASE,KEEP,T141,Clothing > Swimwear > Trunks > Print,Approval covers list structure; removed broad paths do not automatically choose a narrower leaf.
May19,151,Clothing > Team Gear & Licensed > Jerseys > Baseball Jerseys,BASE,KEEP,T142,Clothing > Team Gear & Licensed > Jerseys > Baseball Jerseys,Approval covers list structure; removed broad paths do not automatically choose a narrower leaf.
May19,152,Clothing > Team Gear & Licensed > Jerseys > Basketball Jerseys,BASE,KEEP,T143,Clothing > Team Gear & Licensed > Jerseys > Basketball Jerseys,Approval covers list structure; removed broad paths do not automatically choose a narrower leaf.
May19,153,Clothing > Team Gear & Licensed > Jerseys > Football Jerseys,BASE,KEEP,T144,Clothing > Team Gear & Licensed > Jerseys > Football Jerseys,Approval covers list structure; removed broad paths do not automatically choose a narrower leaf.
May19,154,Clothing > Tops > Bodysuits > Long Sleeve,BASE,KEEP,T145,Clothing > Tops > Bodysuits > Long Sleeve,Approval covers list structure; removed broad paths do not automatically choose a narrower leaf.
May19,155,Clothing > Tops > Bodysuits > Sleeveless,BASE,KEEP,T146,Clothing > Tops > Bodysuits > Sleeveless,Approval covers list structure; removed broad paths do not automatically choose a narrower leaf.
May19,156,Clothing > Tops > Button-Down Shirts > Casual,BASE,KEEP,T147,Clothing > Tops > Button-Down Shirts > Casual,Approval covers list structure; removed broad paths do not automatically choose a narrower leaf.
May19,157,Clothing > Tops > Button-Down Shirts > Dress,BASE,KEEP,T148,Clothing > Tops > Button-Down Shirts > Dress,Approval covers list structure; removed broad paths do not automatically choose a narrower leaf.
May19,158,Clothing > Tops > Button-Down Shirts > Flannel,C7,MOVE OR MERGE,T151,Clothing > Tops > Shirts & Blouses > Flannel,Approval covers list structure; removed broad paths do not automatically choose a narrower leaf.
May19,159,Clothing > Tops > Polos > Long Sleeve,BASE,KEEP,T149,Clothing > Tops > Polos > Long Sleeve,Approval covers list structure; removed broad paths do not automatically choose a narrower leaf.
May19,160,Clothing > Tops > Polos > Short Sleeve,BASE,KEEP,T150,Clothing > Tops > Polos > Short Sleeve,Approval covers list structure; removed broad paths do not automatically choose a narrower leaf.
May19,161,Clothing > Tops > Shirts & Blouses > Flannel,BASE,KEEP,T151,Clothing > Tops > Shirts & Blouses > Flannel,Approval covers list structure; removed broad paths do not automatically choose a narrower leaf.
May19,162,Clothing > Tops > Shirts & Blouses > Long Sleeve Button-Up Shirts,BASE,KEEP,T152,Clothing > Tops > Shirts & Blouses > Long Sleeve Button-Up Shirts,Approval covers list structure; removed broad paths do not automatically choose a narrower leaf.
May19,163,Clothing > Tops > Shirts & Blouses > Short Sleeve Button-Up Shirts,BASE,KEEP,T154,Clothing > Tops > Shirts & Blouses > Short Sleeve Button-Up Shirts,Approval covers list structure; removed broad paths do not automatically choose a narrower leaf.
May19,164,Clothing > Tops > Sweaters & Knits > Cardigans,BASE,KEEP,T156,Clothing > Tops > Sweaters & Knits > Cardigans,Approval covers list structure; removed broad paths do not automatically choose a narrower leaf.
May19,165,Clothing > Tops > Sweaters & Knits > Crewneck Sweaters,BASE,KEEP,T157,Clothing > Tops > Sweaters & Knits > Crewneck Sweaters,Approval covers list structure; removed broad paths do not automatically choose a narrower leaf.
May19,166,Clothing > Tops > Sweaters & Knits > Rugby Shirts,BASE,KEEP,T158,Clothing > Tops > Sweaters & Knits > Rugby Shirts,Approval covers list structure; removed broad paths do not automatically choose a narrower leaf.
May19,167,Clothing > Tops > Sweaters & Knits > Turtleneck Sweaters,BASE,KEEP,T159,Clothing > Tops > Sweaters & Knits > Turtleneck Sweaters,Approval covers list structure; removed broad paths do not automatically choose a narrower leaf.
May19,168,Clothing > Tops > Sweaters & Knits > V-Neck Sweaters,BASE,KEEP,T160,Clothing > Tops > Sweaters & Knits > V-Neck Sweaters,Approval covers list structure; removed broad paths do not automatically choose a narrower leaf.
May19,169,Clothing > Tops > T-Shirts > Baseball Tees,BASE,KEEP,T161,Clothing > Tops > T-Shirts > Baseball Tees,Approval covers list structure; removed broad paths do not automatically choose a narrower leaf.
May19,170,Clothing > Tops > T-Shirts > Graphic Tees,BASE,KEEP,T162,Clothing > Tops > T-Shirts > Graphic Tees,Approval covers list structure; removed broad paths do not automatically choose a narrower leaf.
May19,171,Clothing > Tops > T-Shirts > Long Sleeve,BASE,KEEP,T163,Clothing > Tops > T-Shirts > Long Sleeve,Approval covers list structure; removed broad paths do not automatically choose a narrower leaf.
May19,172,Clothing > Tops > T-Shirts > Muscle Tees,BASE,KEEP,T164,Clothing > Tops > T-Shirts > Muscle Tees,Approval covers list structure; removed broad paths do not automatically choose a narrower leaf.
May19,173,Clothing > Tops > T-Shirts > Short Sleeve,BASE,KEEP,T166,Clothing > Tops > T-Shirts > Short Sleeve,Approval covers list structure; removed broad paths do not automatically choose a narrower leaf.
May19,174,Clothing > Tops > T-Shirts > Sleeveless Shirts,BASE,KEEP,T167,Clothing > Tops > T-Shirts > Sleeveless Shirts,Approval covers list structure; removed broad paths do not automatically choose a narrower leaf.
May19,175,Clothing > Tops > T-Shirts > Striped & Pattern Tees,BASE,KEEP,T168,Clothing > Tops > T-Shirts > Striped & Pattern Tees,Approval covers list structure; removed broad paths do not automatically choose a narrower leaf.
May19,176,Clothing > Tops > T-Shirts > Thermals,BASE,KEEP,T169,Clothing > Tops > T-Shirts > Thermals,Approval covers list structure; removed broad paths do not automatically choose a narrower leaf.
May19,177,Clothing > Tops > Tank Tops > Athletic,BASE,KEEP,T170,Clothing > Tops > Tank Tops > Athletic,Approval covers list structure; removed broad paths do not automatically choose a narrower leaf.
May19,178,Clothing > Tops > Tank Tops > Casual,BASE,KEEP,T171,Clothing > Tops > Tank Tops > Casual,Approval covers list structure; removed broad paths do not automatically choose a narrower leaf.
May19,179,Footwear > Boots > Casual Boots > Chelsea Boots,C10,REMOVE BROAD ROUTE,T173; T174,Footwear > Boots > Chelsea Boots > Leather; Footwear > Boots > Chelsea Boots > Suede,Approval covers list structure; removed broad paths do not automatically choose a narrower leaf.
May19,180,Footwear > Boots > Casual Boots > Chukka Boots,BASE,KEEP,T172,Footwear > Boots > Casual Boots > Chukka Boots,Approval covers list structure; removed broad paths do not automatically choose a narrower leaf.
May19,181,Footwear > Boots > Combat & Work Boots > Lace-Up Boots,BASE,KEEP,T175,Footwear > Boots > Combat & Work Boots > Lace-Up Boots,Approval covers list structure; removed broad paths do not automatically choose a narrower leaf.
May19,182,Footwear > Boots > Combat & Work Boots > Lug Sole Boots,BASE,KEEP,T176,Footwear > Boots > Combat & Work Boots > Lug Sole Boots,Approval covers list structure; removed broad paths do not automatically choose a narrower leaf.
May19,183,Footwear > Boots > Combat Boots > Lace-Up,C6,MOVE OR MERGE,T175,Footwear > Boots > Combat & Work Boots > Lace-Up Boots,Approval covers list structure; removed broad paths do not automatically choose a narrower leaf.
May19,184,Footwear > Boots > Combat Boots > Zip-Up,C6,MOVE OR MERGE,T177,Footwear > Boots > Combat & Work Boots > Zip-Up Boots,Approval covers list structure; removed broad paths do not automatically choose a narrower leaf.
May19,185,Footwear > Boots > Fashion Boots > Booties,BASE,KEEP,T178,Footwear > Boots > Fashion Boots > Booties,Approval covers list structure; removed broad paths do not automatically choose a narrower leaf.
May19,186,Footwear > Boots > Fashion Boots > Fur Boots,BASE,KEEP,T179,Footwear > Boots > Fashion Boots > Fur Boots,Approval covers list structure; removed broad paths do not automatically choose a narrower leaf.
May19,187,Footwear > Boots > Fashion Boots > Knee-High,BASE,KEEP,T180,Footwear > Boots > Fashion Boots > Knee-High,Approval covers list structure; removed broad paths do not automatically choose a narrower leaf.
May19,188,Footwear > Boots > Fashion Boots > Lace-Up,BASE,KEEP,T181,Footwear > Boots > Fashion Boots > Lace-Up,Approval covers list structure; removed broad paths do not automatically choose a narrower leaf.
May19,189,Footwear > Boots > Fashion Boots > Mid-Calf Boots,BASE,KEEP,T182,Footwear > Boots > Fashion Boots > Mid-Calf Boots,Approval covers list structure; removed broad paths do not automatically choose a narrower leaf.
May19,190,Footwear > Boots > Fashion Boots > Over-The-Knee,BASE,KEEP,T183,Footwear > Boots > Fashion Boots > Over-The-Knee,Approval covers list structure; removed broad paths do not automatically choose a narrower leaf.
May19,191,Footwear > Boots > Fashion Boots > Riding Boots,BASE,KEEP,T184,Footwear > Boots > Fashion Boots > Riding Boots,Approval covers list structure; removed broad paths do not automatically choose a narrower leaf.
May19,192,Footwear > Boots > Fashion Boots > Slouch Boots,BASE,KEEP,T185,Footwear > Boots > Fashion Boots > Slouch Boots,Approval covers list structure; removed broad paths do not automatically choose a narrower leaf.
May19,193,Footwear > Boots > Fashion Boots > Thigh-High,BASE,KEEP,T186,Footwear > Boots > Fashion Boots > Thigh-High,Approval covers list structure; removed broad paths do not automatically choose a narrower leaf.
May19,194,Footwear > Boots > Western Boots > Cowboy Boots,BASE,KEEP,T189,Footwear > Boots > Western Boots > Cowboy Boots,Approval covers list structure; removed broad paths do not automatically choose a narrower leaf.
May19,195,Footwear > Boots > Winter & Weather > Rain Boots,C10,REMOVE BROAD ROUTE,T187; T188,Footwear > Boots > Rain Boots > Short; Footwear > Boots > Rain Boots > Tall,Approval covers list structure; removed broad paths do not automatically choose a narrower leaf.
May19,196,Footwear > Boots > Winter & Weather > Snow Boots,BASE,KEEP,T191,Footwear > Boots > Winter & Weather > Snow Boots,Approval covers list structure; removed broad paths do not automatically choose a narrower leaf.
May19,197,Footwear > Boots > Winter Boots > Insulated,C6,MOVE OR MERGE,T190,Footwear > Boots > Winter & Weather > Insulated,Approval covers list structure; removed broad paths do not automatically choose a narrower leaf.
May19,198,Footwear > Boots > Winter Boots > Waterproof,C6,MOVE OR MERGE,T192,Footwear > Boots > Winter & Weather > Waterproof,Approval covers list structure; removed broad paths do not automatically choose a narrower leaf.
May19,199,Footwear > Casual Shoes > Boat Shoes > Canvas,BASE,KEEP,T193,Footwear > Casual Shoes > Boat Shoes > Canvas,Approval covers list structure; removed broad paths do not automatically choose a narrower leaf.
May19,200,Footwear > Casual Shoes > Boat Shoes > Leather,BASE,KEEP,T194,Footwear > Casual Shoes > Boat Shoes > Leather,Approval covers list structure; removed broad paths do not automatically choose a narrower leaf.
May19,201,Footwear > Casual Shoes > Espadrilles > Wedge,BASE,KEEP,T196,Footwear > Casual Shoes > Espadrilles > Wedge,Approval covers list structure; removed broad paths do not automatically choose a narrower leaf.
May19,202,Footwear > Casual Shoes > Flats > Ballet,BASE,KEEP,T197,Footwear > Casual Shoes > Flats > Ballet,Approval covers list structure; removed broad paths do not automatically choose a narrower leaf.
May19,203,Footwear > Casual Shoes > Moccasins > Suede,BASE,KEEP,T199,Footwear > Casual Shoes > Moccasins > Suede,Approval covers list structure; removed broad paths do not automatically choose a narrower leaf.
May19,204,Footwear > Clogs > Classic Clogs > Classic,BASE,KEEP,T200,Footwear > Clogs > Classic Clogs > Classic,Approval covers list structure; removed broad paths do not automatically choose a narrower leaf.
May19,205,Footwear > Clogs > Platform Clogs > Platform,BASE,KEEP,T201,Footwear > Clogs > Platform Clogs > Platform,Approval covers list structure; removed broad paths do not automatically choose a narrower leaf.
May19,206,Footwear > Dress Shoes > Derbies > Classic,BASE,KEEP,T202,Footwear > Dress Shoes > Derbies > Classic,Approval covers list structure; removed broad paths do not automatically choose a narrower leaf.
May19,207,Footwear > Dress Shoes > Loafers > Bit,BASE,KEEP,T203,Footwear > Dress Shoes > Loafers > Bit,Approval covers list structure; removed broad paths do not automatically choose a narrower leaf.
May19,208,Footwear > Dress Shoes > Loafers > Penny,BASE,KEEP,T204,Footwear > Dress Shoes > Loafers > Penny,Approval covers list structure; removed broad paths do not automatically choose a narrower leaf.
May19,209,Footwear > Dress Shoes > Loafers > Tassel,BASE,KEEP,T205,Footwear > Dress Shoes > Loafers > Tassel,Approval covers list structure; removed broad paths do not automatically choose a narrower leaf.
May19,210,Footwear > Dress Shoes > Monk Straps > Double,BASE,KEEP,T206,Footwear > Dress Shoes > Monk Straps > Double,Approval covers list structure; removed broad paths do not automatically choose a narrower leaf.
May19,211,Footwear > Dress Shoes > Monk Straps > Single,BASE,KEEP,T207,Footwear > Dress Shoes > Monk Straps > Single,Approval covers list structure; removed broad paths do not automatically choose a narrower leaf.
May19,212,Footwear > Dress Shoes > Oxfords > Cap Toe,BASE,KEEP,T208,Footwear > Dress Shoes > Oxfords > Cap Toe,Approval covers list structure; removed broad paths do not automatically choose a narrower leaf.
May19,213,Footwear > Dress Shoes > Oxfords > Plain Toe,BASE,KEEP,T209,Footwear > Dress Shoes > Oxfords > Plain Toe,Approval covers list structure; removed broad paths do not automatically choose a narrower leaf.
May19,214,Footwear > Dress Shoes > Oxfords > Wingtip,BASE,KEEP,T210,Footwear > Dress Shoes > Oxfords > Wingtip,Approval covers list structure; removed broad paths do not automatically choose a narrower leaf.
May19,215,Footwear > High Heels > Platform Heels > Chunky Heel,BASE,KEEP,T211,Footwear > High Heels > Platform Heels > Chunky Heel,Approval covers list structure; removed broad paths do not automatically choose a narrower leaf.
May19,216,Footwear > High Heels > Platform Heels > Double Platform,BASE,KEEP,T212,Footwear > High Heels > Platform Heels > Double Platform,Approval covers list structure; removed broad paths do not automatically choose a narrower leaf.
May19,217,Footwear > High Heels > Pumps & Stilettos > Ankle Strap,BASE,KEEP,T213,Footwear > High Heels > Pumps & Stilettos > Ankle Strap,Approval covers list structure; removed broad paths do not automatically choose a narrower leaf.
May19,218,Footwear > High Heels > Pumps & Stilettos > Clear/Rhinestone,BASE,KEEP,T214,Footwear > High Heels > Pumps & Stilettos > Clear/Rhinestone,Approval covers list structure; removed broad paths do not automatically choose a narrower leaf.
May19,219,Footwear > High Heels > Pumps & Stilettos > Low Heel,BASE,KEEP,T215,Footwear > High Heels > Pumps & Stilettos > Low Heel,Approval covers list structure; removed broad paths do not automatically choose a narrower leaf.
May19,220,Footwear > High Heels > Pumps & Stilettos > Open Toe,BASE,KEEP,T216,Footwear > High Heels > Pumps & Stilettos > Open Toe,Approval covers list structure; removed broad paths do not automatically choose a narrower leaf.
May19,221,Footwear > High Heels > Pumps & Stilettos > Pointy Toe,BASE,KEEP,T217,Footwear > High Heels > Pumps & Stilettos > Pointy Toe,Approval covers list structure; removed broad paths do not automatically choose a narrower leaf.
May19,222,Footwear > Sandals & Wedges > Sandals > Double Strap Sandals,BASE,KEEP,T218,Footwear > Sandals & Wedges > Sandals > Double Strap Sandals,Approval covers list structure; removed broad paths do not automatically choose a narrower leaf.
May19,223,Footwear > Sandals & Wedges > Sandals > Flat,BASE,KEEP,T219,Footwear > Sandals & Wedges > Sandals > Flat,Approval covers list structure; removed broad paths do not automatically choose a narrower leaf.
May19,224,Footwear > Sandals & Wedges > Sandals > Gladiator,BASE,KEEP,T220,Footwear > Sandals & Wedges > Sandals > Gladiator,Approval covers list structure; removed broad paths do not automatically choose a narrower leaf.
May19,225,Footwear > Sandals & Wedges > Sandals > Heeled,BASE,KEEP,T221,Footwear > Sandals & Wedges > Sandals > Heeled,Approval covers list structure; removed broad paths do not automatically choose a narrower leaf.
May19,226,Footwear > Sandals & Wedges > Sandals > Strappy,BASE,KEEP,T222,Footwear > Sandals & Wedges > Sandals > Strappy,Approval covers list structure; removed broad paths do not automatically choose a narrower leaf.
May19,227,Footwear > Sandals & Wedges > Slides & Flip-Flops > Beach,BASE,KEEP,T223,Footwear > Sandals & Wedges > Slides & Flip-Flops > Beach,Approval covers list structure; removed broad paths do not automatically choose a narrower leaf.
May19,228,Footwear > Sandals & Wedges > Slides & Flip-Flops > Fashion Slides,BASE,KEEP,T224,Footwear > Sandals & Wedges > Slides & Flip-Flops > Fashion Slides,Approval covers list structure; removed broad paths do not automatically choose a narrower leaf.
May19,229,Footwear > Sandals & Wedges > Slides & Flip-Flops > Flip-Flops,BASE,KEEP,T225,Footwear > Sandals & Wedges > Slides & Flip-Flops > Flip-Flops,Approval covers list structure; removed broad paths do not automatically choose a narrower leaf.
May19,230,Footwear > Sandals & Wedges > Slides & Flip-Flops > Leather,BASE,KEEP,T226,Footwear > Sandals & Wedges > Slides & Flip-Flops > Leather,Approval covers list structure; removed broad paths do not automatically choose a narrower leaf.
May19,231,Footwear > Sandals & Wedges > Slides & Flip-Flops > Sport Slides,BASE,KEEP,T227,Footwear > Sandals & Wedges > Slides & Flip-Flops > Sport Slides,Approval covers list structure; removed broad paths do not automatically choose a narrower leaf.
May19,232,Footwear > Sandals & Wedges > Wedges > Espadrille Wedges,BASE,KEEP,T228,Footwear > Sandals & Wedges > Wedges > Espadrille Wedges,Approval covers list structure; removed broad paths do not automatically choose a narrower leaf.
May19,233,Footwear > Sandals & Wedges > Wedges > Platform Wedges,BASE,KEEP,T230,Footwear > Sandals & Wedges > Wedges > Platform Wedges,Approval covers list structure; removed broad paths do not automatically choose a narrower leaf.
May19,234,Footwear > Shoe Accessories > Shoe Care & Accessories > Insoles,BASE,KEEP,T231,Footwear > Shoe Accessories > Shoe Care & Accessories > Insoles,Approval covers list structure; removed broad paths do not automatically choose a narrower leaf.
May19,235,Footwear > Shoe Accessories > Shoe Care & Accessories > Lace Kits,BASE,KEEP,T232,Footwear > Shoe Accessories > Shoe Care & Accessories > Lace Kits,Approval covers list structure; removed broad paths do not automatically choose a narrower leaf.
May19,236,Footwear > Slip-Ons > Canvas Slip-Ons > Canvas,BASE,KEEP,T233,Footwear > Slip-Ons > Canvas Slip-Ons > Canvas,Approval covers list structure; removed broad paths do not automatically choose a narrower leaf.
May19,237,Footwear > Slip-Ons > Knit Slip-Ons > Knit,BASE,KEEP,T234,Footwear > Slip-Ons > Knit Slip-Ons > Knit,Approval covers list structure; removed broad paths do not automatically choose a narrower leaf.
May19,238,Footwear > Slippers > Booties > Knit,BASE,KEEP,T235,Footwear > Slippers > Booties > Knit,Approval covers list structure; removed broad paths do not automatically choose a narrower leaf.
May19,239,Footwear > Slippers > Mules > Fleece-Lined,BASE,KEEP,T236,Footwear > Slippers > Mules > Fleece-Lined,Approval covers list structure; removed broad paths do not automatically choose a narrower leaf.
May19,240,Footwear > Slippers > Scuffs > Open-Toe,BASE,KEEP,T237,Footwear > Slippers > Scuffs > Open-Toe,Approval covers list structure; removed broad paths do not automatically choose a narrower leaf.
May19,241,Footwear > Sneakers > Basketball > Performance,BASE,KEEP,T238,Footwear > Sneakers > Basketball > Performance,Approval covers list structure; removed broad paths do not automatically choose a narrower leaf.
May19,242,Footwear > Sneakers > Basketball > Retro,BASE,KEEP,T239,Footwear > Sneakers > Basketball > Retro,Approval covers list structure; removed broad paths do not automatically choose a narrower leaf.
May19,243,Footwear > Sneakers > Basketball > Signature Basketball,BASE,KEEP,T240,Footwear > Sneakers > Basketball > Signature Basketball,Approval covers list structure; removed broad paths do not automatically choose a narrower leaf.
May19,244,Footwear > Sneakers > Lifestyle > Chunky Sneakers,BASE,KEEP,T241,Footwear > Sneakers > Lifestyle > Chunky Sneakers,Approval covers list structure; removed broad paths do not automatically choose a narrower leaf.
May19,245,Footwear > Sneakers > Lifestyle > High-Top,BASE,KEEP,T242,Footwear > Sneakers > Lifestyle > High-Top,Approval covers list structure; removed broad paths do not automatically choose a narrower leaf.
May19,246,Footwear > Sneakers > Lifestyle > Low Profile Sneakers,BASE,KEEP,T243,Footwear > Sneakers > Lifestyle > Low Profile Sneakers,Approval covers list structure; removed broad paths do not automatically choose a narrower leaf.
May19,247,Footwear > Sneakers > Lifestyle > Low-Top,BASE,KEEP,T244,Footwear > Sneakers > Lifestyle > Low-Top,Approval covers list structure; removed broad paths do not automatically choose a narrower leaf.
May19,248,Footwear > Sneakers > Lifestyle > Mary Jane,BASE,KEEP,T245,Footwear > Sneakers > Lifestyle > Mary Jane,Approval covers list structure; removed broad paths do not automatically choose a narrower leaf.
May19,249,Footwear > Sneakers > Lifestyle > Mid-Top,BASE,KEEP,T246,Footwear > Sneakers > Lifestyle > Mid-Top,Approval covers list structure; removed broad paths do not automatically choose a narrower leaf.
May19,250,Footwear > Sneakers > Lifestyle > Platform,BASE,KEEP,T247,Footwear > Sneakers > Lifestyle > Platform,Approval covers list structure; removed broad paths do not automatically choose a narrower leaf.
May19,251,Footwear > Sneakers > Running > Road Running,BASE,KEEP,T249,Footwear > Sneakers > Running > Road Running,Approval covers list structure; removed broad paths do not automatically choose a narrower leaf.
May19,252,Footwear > Sneakers > Running > Track & Field,BASE,KEEP,T250,Footwear > Sneakers > Running > Track & Field,Approval covers list structure; removed broad paths do not automatically choose a narrower leaf.
May19,253,Footwear > Sneakers > Running > Trail Running,BASE,KEEP,T251,Footwear > Sneakers > Running > Trail Running,Approval covers list structure; removed broad paths do not automatically choose a narrower leaf.
May19,254,Footwear > Sneakers > Skate > Classics,BASE,KEEP,T252,Footwear > Sneakers > Skate > Classics,Approval covers list structure; removed broad paths do not automatically choose a narrower leaf.
May19,255,Footwear > Sneakers > Skate > Pro Models,BASE,KEEP,T253,Footwear > Sneakers > Skate > Pro Models,Approval covers list structure; removed broad paths do not automatically choose a narrower leaf.
May19,256,Footwear > Sneakers > Tennis > Clay Court,BASE,KEEP,T254,Footwear > Sneakers > Tennis > Clay Court,Approval covers list structure; removed broad paths do not automatically choose a narrower leaf.
May19,257,Footwear > Sneakers > Tennis > Hard Court,BASE,KEEP,T255,Footwear > Sneakers > Tennis > Hard Court,Approval covers list structure; removed broad paths do not automatically choose a narrower leaf.
May19,258,Footwear > Sneakers > Training > Cross Training,BASE,KEEP,T256,Footwear > Sneakers > Training > Cross Training,Approval covers list structure; removed broad paths do not automatically choose a narrower leaf.
May19,259,Footwear > Sneakers > Training > Weightlifting,BASE,KEEP,T257,Footwear > Sneakers > Training > Weightlifting,Approval covers list structure; removed broad paths do not automatically choose a narrower leaf.
Comparator,22,Accessories > Gear & Misc > Shoe Care > Shoe Cleaner,C4,OMIT COMPETING OR BROAD ROUTE,,,See approved cleanup C4; no automatic import alias is implied.
Comparator,23,Accessories > Gear & Misc > Shoe Care > Shoe Laces,C4,OMIT COMPETING OR BROAD ROUTE,,,See approved cleanup C4; no automatic import alias is implied.
Comparator,40,Clothing > Team Gear & Licensed > Fanwear Hats > MLB,C5,OMIT COMPETING OR BROAD ROUTE,,,See approved cleanup C5; no automatic import alias is implied.
Comparator,41,Clothing > Team Gear & Licensed > Fanwear Hats > NBA,C5,OMIT COMPETING OR BROAD ROUTE,,,See approved cleanup C5; no automatic import alias is implied.
Comparator,42,Clothing > Team Gear & Licensed > Fanwear Hats > NFL,C5,OMIT COMPETING OR BROAD ROUTE,,,See approved cleanup C5; no automatic import alias is implied.
Comparator,54,Clothing > Activewear > Outerwear & Jackets > Jackets,C2,OMIT COMPETING OR BROAD ROUTE,,,See approved cleanup C2; no automatic import alias is implied.
Comparator,55,Clothing > Activewear > Tops > Performance Tees,C2,OMIT COMPETING OR BROAD ROUTE,,,See approved cleanup C2; no automatic import alias is implied.
Comparator,56,Clothing > Activewear > Tops > Tank Tops,C2,OMIT COMPETING OR BROAD ROUTE,,,See approved cleanup C2; no automatic import alias is implied.
Comparator,68,Clothing > Bottoms > Pants > Sweatpants,C8,OMIT COMPETING OR BROAD ROUTE,,,See approved cleanup C8; no automatic import alias is implied.
Comparator,87,Clothing > Intimates & Sleepwear > Bras > Sports Bras,C2,MERGED WITH APPROVED HOME,T103,Clothing > Intimates & Sleepwear > Bras > Sports Bras,See approved cleanup C2; no automatic import alias is implied.
Comparator,94,Clothing > Intimates & Sleepwear > Underwear > Underwear,C3,OMIT COMPETING OR BROAD ROUTE,,,See approved cleanup C3; no automatic import alias is implied.
Comparator,107,Clothing > Outerwear & Jackets > Jackets > Leather Jackets,C8,OMIT COMPETING OR BROAD ROUTE,,,See approved cleanup C8; no automatic import alias is implied.
Comparator,111,Clothing > Swimwear > Boardshorts > Boardshorts,C3,OMIT COMPETING OR BROAD ROUTE,,,See approved cleanup C3; no automatic import alias is implied.
Comparator,112,Clothing > Swimwear > Briefs > Briefs,C3,OMIT COMPETING OR BROAD ROUTE,,,See approved cleanup C3; no automatic import alias is implied.
Comparator,113,Clothing > Swimwear > Trunks > Trunks,C3,OMIT COMPETING OR BROAD ROUTE,,,See approved cleanup C3; no automatic import alias is implied.
Comparator,114,Clothing > Swimwear > Bikinis > Bikinis,C3,OMIT COMPETING OR BROAD ROUTE,,,See approved cleanup C3; no automatic import alias is implied.
Comparator,115,Clothing > Swimwear > Cover-Ups > Cover-Ups,C3,OMIT COMPETING OR BROAD ROUTE,,,See approved cleanup C3; no automatic import alias is implied.
Comparator,116,Clothing > Swimwear > One-Piece > One-Piece,C3,OMIT COMPETING OR BROAD ROUTE,,,See approved cleanup C3; no automatic import alias is implied.
Comparator,120,Clothing > Tops > Hoodies & Sweatshirts > Crewneck Sweatshirts,C1,OMIT COMPETING OR BROAD ROUTE,,,See approved cleanup C1; no automatic import alias is implied.
Comparator,121,Clothing > Tops > Hoodies & Sweatshirts > Pullover Hoodies,C1,OMIT COMPETING OR BROAD ROUTE,,,See approved cleanup C1; no automatic import alias is implied.
Comparator,122,Clothing > Tops > Hoodies & Sweatshirts > Zip-Up Hoodies,C1,OMIT COMPETING OR BROAD ROUTE,,,See approved cleanup C1; no automatic import alias is implied.
Comparator,129,Clothing > Tops > Shirts & Blouses > Long Sleeve Wovens,C9,ADD REAL DETAIL,T153,Clothing > Tops > Shirts & Blouses > Long Sleeve Wovens,See approved cleanup C9; no automatic import alias is implied.
Comparator,130,Clothing > Tops > Shirts & Blouses > Short Sleeve Wovens,C9,ADD REAL DETAIL,T155,Clothing > Tops > Shirts & Blouses > Short Sleeve Wovens,See approved cleanup C9; no automatic import alias is implied.
Comparator,133,Clothing > Tops > Sweaters & Knits > Polos,C1,OMIT COMPETING OR BROAD ROUTE,,,See approved cleanup C1; no automatic import alias is implied.
Comparator,134,Clothing > Tops > Sweaters & Polos > Rugby Shirts,C1,OMIT COMPETING OR BROAD ROUTE,,,See approved cleanup C1; no automatic import alias is implied.
Comparator,135,Clothing > Tops > Sweaters > Cardigans,C1,OMIT COMPETING OR BROAD ROUTE,,,See approved cleanup C1; no automatic import alias is implied.
Comparator,136,Clothing > Tops > Sweaters > Crewneck Sweaters,C1,OMIT COMPETING OR BROAD ROUTE,,,See approved cleanup C1; no automatic import alias is implied.
Comparator,137,Clothing > Tops > Sweaters > Turtleneck,C1,OMIT COMPETING OR BROAD ROUTE,,,See approved cleanup C1; no automatic import alias is implied.
Comparator,138,Clothing > Tops > Sweaters > V-Neck,C1,OMIT COMPETING OR BROAD ROUTE,,,See approved cleanup C1; no automatic import alias is implied.
Comparator,142,Clothing > Tops > T-Shirts > Muscle/Sleeveless,C8,OMIT COMPETING OR BROAD ROUTE,,,See approved cleanup C8; no automatic import alias is implied.
Comparator,150,Footwear > Boots > Chelsea Boots > Leather,C10,ADD REAL DETAIL,T173,Footwear > Boots > Chelsea Boots > Leather,See approved cleanup C10; no automatic import alias is implied.
Comparator,151,Footwear > Boots > Chelsea Boots > Suede,C10,ADD REAL DETAIL,T174,Footwear > Boots > Chelsea Boots > Suede,See approved cleanup C10; no automatic import alias is implied.
Comparator,152,Footwear > Boots > Chukka Boots > Casual,C10,OMIT COMPETING OR BROAD ROUTE,,,See approved cleanup C10; no automatic import alias is implied.
Comparator,166,Footwear > Boots > Rain Boots > Short,C10,ADD REAL DETAIL,T187,Footwear > Boots > Rain Boots > Short,See approved cleanup C10; no automatic import alias is implied.
Comparator,167,Footwear > Boots > Rain Boots > Tall,C10,ADD REAL DETAIL,T188,Footwear > Boots > Rain Boots > Tall,See approved cleanup C10; no automatic import alias is implied.
Comparator,173,Footwear > Casual & Dress Shoes > Flats > Ballet,C3,OMIT COMPETING OR BROAD ROUTE,,,See approved cleanup C3; no automatic import alias is implied.
Comparator,174,Footwear > Casual & Dress Shoes > Flats > Slip-On,C9,REHOME REAL DETAIL,T198,Footwear > Casual Shoes > Flats > Slip-On,See approved cleanup C9; no automatic import alias is implied.
Comparator,175,Footwear > Casual & Dress Shoes > Slippers & Clogs > Clogs,C3,OMIT COMPETING OR BROAD ROUTE,,,See approved cleanup C3; no automatic import alias is implied.
Comparator,176,Footwear > Casual & Dress Shoes > Slippers & Clogs > Slippers,C3,OMIT COMPETING OR BROAD ROUTE,,,See approved cleanup C3; no automatic import alias is implied.
Comparator,179,Footwear > Casual Shoes > Espadrilles > Slip-On,C9,ADD REAL DETAIL,T195,Footwear > Casual Shoes > Espadrilles > Slip-On,See approved cleanup C9; no automatic import alias is implied.
Comparator,197,Footwear > Sandals & Wedges > Sandals > Two-Band Sandals,C8,OMIT COMPETING OR BROAD ROUTE,,,See approved cleanup C8; no automatic import alias is implied.
Comparator,202,Footwear > Sandals & Wedges > Wedges > Gravity Wedge,C9,ADD REAL DETAIL,T229,Footwear > Sandals & Wedges > Wedges > Gravity Wedge,See approved cleanup C9; no automatic import alias is implied.
Comparator,220,Footwear > Sneakers > Lifestyle > Slip-On,C9,ADD REAL DETAIL,T248,Footwear > Sneakers > Lifestyle > Slip-On,See approved cleanup C9; no automatic import alias is implied.
Comparator,232,Footwear > Clogs > Clogs > Clogs,C3,OMIT COMPETING OR BROAD ROUTE,,,See approved cleanup C3; no automatic import alias is implied.
Comparator,233,Footwear > Slip-Ons > Slip-Ons > Slip-Ons,C3,OMIT COMPETING OR BROAD ROUTE,,,See approved cleanup C3; no automatic import alias is implied.
Comparator,234,Clothing > Tops > Bodysuits > Bodysuits,C3,OMIT COMPETING OR BROAD ROUTE,,,See approved cleanup C3; no automatic import alias is implied.
Comparator,235,Clothing > Matching Sets > Matching Sets > Matching Sets,C3,OMIT COMPETING OR BROAD ROUTE,,,See approved cleanup C3; no automatic import alias is implied.
Comparator,236,Clothing > Dresses & Rompers > Dresses > Dresses,C3,OMIT COMPETING OR BROAD ROUTE,,,See approved cleanup C3; no automatic import alias is implied.
Comparator,237,Accessories > Hair Accessories > Hair Accessories > Hair Accessories,C3,OMIT COMPETING OR BROAD ROUTE,,,See approved cleanup C3; no automatic import alias is implied.
Comparator,238,Accessories > Beauty > Beauty > Beauty,C3,OMIT COMPETING OR BROAD ROUTE,,,See approved cleanup C3; no automatic import alias is implied.
Comparator,239,Accessories > Beauty > Sun Care > Sun Care,C3,OMIT COMPETING OR BROAD ROUTE,,,See approved cleanup C3; no automatic import alias is implied.
Comparator,240,Accessories > Beauty > Fragrance > Fragrance,C3,OMIT COMPETING OR BROAD ROUTE,,,See approved cleanup C3; no automatic import alias is implied.
Comparator,241,Accessories > Jewelry & Watches > Wallet Chains > Wallet Chains,C4,OMIT COMPETING OR BROAD ROUTE,,,See approved cleanup C4; no automatic import alias is implied.
Comparator,242,Accessories > Gear & Misc > Shoe Care > Crease Guards,C4,OMIT COMPETING OR BROAD ROUTE,,,See approved cleanup C4; no automatic import alias is implied.
