New path ID,PO group,Approved full path,Authority,Website old ID,Website assessment
T258,LC01,Accessories > Bags & Backpacks > Handbags & Purses > Handbags,https://app.notion.com/p/3f145ee1ec5a81119a49e55d1c91e77f,L026,SUPPORTED DRAFT
T259,LC02,Accessories > Bags & Backpacks > Handbags & Purses > Clutches,https://app.notion.com/p/3f145ee1ec5a81119a49e55d1c91e77f,L019,SUPPORTED DRAFT
T260,LC03,Accessories > Bags & Backpacks > Handbags & Purses > Evening Bags,https://app.notion.com/p/3f145ee1ec5a81119a49e55d1c91e77f,L024,SUPPORTED DRAFT
T261,LC04,Accessories > Bags & Backpacks > Handbags & Purses > Shoulder Bags,https://app.notion.com/p/3f145ee1ec5a81119a49e55d1c91e77f,L030,SUPPORTED DRAFT
T262,LC06,Accessories > Beauty & Grooming > Fragrance > Perfume,https://app.notion.com/p/3f145ee1ec5a81119a49e55d1c91e77f,L038,SUPPORTED DRAFT
T263,LC07,Accessories > Gear & Misc > Personal & Small Accessories > Face Masks,https://app.notion.com/p/3f145ee1ec5a81119a49e55d1c91e77f,L043,SUPPORTED DRAFT
T264,LC09,Accessories > Gear & Misc > Shoe Care & Accessories > Shoe Charms,https://app.notion.com/p/3f145ee1ec5a81119a49e55d1c91e77f,,REVIEW
T265,LC11,Accessories > Gear & Misc > Personal & Small Accessories > Blue-Light Glasses,https://app.notion.com/p/3f145ee1ec5a81119a49e55d1c91e77f,L047,SUPPORTED DRAFT
T266,LC12,Accessories > Headwear > Hat Care > Hat Cleaner,https://app.notion.com/p/3f145ee1ec5a81119a49e55d1c91e77f,L063,SUPPORTED DRAFT
T267,LC15,Accessories > Neckwear > Scarves & Wraps > Scarves,https://app.notion.com/p/3f145ee1ec5a81119a49e55d1c91e77f,L100,SUPPORTED DRAFT
T268,LC18,Footwear > Athletic Footwear > Field Sports > Soccer Footwear,https://app.notion.com/p/3f145ee1ec5a81119a49e55d1c91e77f,L468,SUPPORTED DRAFT
T269,LC19,Footwear > Athletic Footwear > Field Sports > Baseball Footwear,https://app.notion.com/p/3f145ee1ec5a81119a49e55d1c91e77f,L690,SUPPORTED DRAFT
T270,LC20,Footwear > Casual Shoes > Flats > Jelly Flats,https://app.notion.com/p/3f145ee1ec5a81119a49e55d1c91e77f,L561,SUPPORTED DRAFT
