Decision group,Old ID,Incoming old path,Source sheet rows,Source occurrences,Recorded disposition,Decision page,Selected primary path,Assessment
LC10,L007,Accessories > Accessories > Basketball,593,1,PO decided: unmapped pending broad-label policy; outside product-detail work,https://app.notion.com/p/3f145ee1ec5a81119a49e55d1c91e77f,,PO decided: unmapped pending broad-label policy
LC08,L008,Accessories > Accessories > Face,121,1,PO decided: unmapped pending broad-label policy; outside product-detail work,https://app.notion.com/p/3f145ee1ec5a81119a49e55d1c91e77f,,PO decided: unmapped pending broad-label policy
LC09,L009,Accessories > Accessories > Jibbitz,458,1,PO approved mapping applied,https://app.notion.com/p/3f145ee1ec5a81119a49e55d1c91e77f,Accessories > Gear & Misc > Shoe Care & Accessories > Shoe Charms,PO APPROVED
LC05,L017,Accessories > Bags > Bags,830,1,PO decided: unmapped pending broad-label policy; outside product-detail work,https://app.notion.com/p/3f145ee1ec5a81119a49e55d1c91e77f,,PO decided: unmapped pending broad-label policy
LC02,L018,Accessories > Bags > Clutch,767,1,PO approved mapping applied,https://app.notion.com/p/3f145ee1ec5a81119a49e55d1c91e77f,Accessories > Bags & Backpacks > Handbags & Purses > Clutches,PO APPROVED
LC02,L019,Accessories > Bags > Clutches,108,1,PO approved mapping applied,https://app.notion.com/p/3f145ee1ec5a81119a49e55d1c91e77f,Accessories > Bags & Backpacks > Handbags & Purses > Clutches,PO APPROVED
LC03,L024,Accessories > Bags > Evening Bag,812,1,PO approved mapping applied,https://app.notion.com/p/3f145ee1ec5a81119a49e55d1c91e77f,Accessories > Bags & Backpacks > Handbags & Purses > Evening Bags,PO APPROVED
LC01,L026,Accessories > Bags > Handbags,648,1,PO approved mapping applied,https://app.notion.com/p/3f145ee1ec5a81119a49e55d1c91e77f,Accessories > Bags & Backpacks > Handbags & Purses > Handbags,PO APPROVED
LC01,L027,Accessories > Bags > Handbags and Purses,159,1,PO approved mapping applied,https://app.notion.com/p/3f145ee1ec5a81119a49e55d1c91e77f,Accessories > Bags & Backpacks > Handbags & Purses > Handbags,PO APPROVED
LC01,L029,Accessories > Bags > Purses,258,1,PO approved mapping applied,https://app.notion.com/p/3f145ee1ec5a81119a49e55d1c91e77f,Accessories > Bags & Backpacks > Handbags & Purses > Handbags,PO APPROVED
LC04,L030,Accessories > Bags > Shoulder Bags,742,1,PO approved mapping applied,https://app.notion.com/p/3f145ee1ec5a81119a49e55d1c91e77f,Accessories > Bags & Backpacks > Handbags & Purses > Shoulder Bags,PO APPROVED
LC05,L031,Accessories > Bags > Slingback,552,1,PO decided: unmapped pending broad-label policy; outside product-detail work,https://app.notion.com/p/3f145ee1ec5a81119a49e55d1c91e77f,,PO decided: unmapped pending broad-label policy
LC06,L038,Accessories > Body > Perfumes,276,1,PO approved mapping applied,https://app.notion.com/p/3f145ee1ec5a81119a49e55d1c91e77f,Accessories > Beauty & Grooming > Fragrance > Perfume,PO APPROVED
LC07,L043,Accessories > Face Mask > Face,898,1,PO approved mapping applied,https://app.notion.com/p/3f145ee1ec5a81119a49e55d1c91e77f,Accessories > Gear & Misc > Personal & Small Accessories > Face Masks,PO APPROVED
LC07,L044,Accessories > Face Mask > Reusable,580,1,PO approved mapping applied,https://app.notion.com/p/3f145ee1ec5a81119a49e55d1c91e77f,Accessories > Gear & Misc > Personal & Small Accessories > Face Masks,PO APPROVED
LC10,L046,Accessories > Gear & Misc > Sporting Goods,38,1,PO decided: unmapped pending broad-label policy; outside product-detail work,https://app.notion.com/p/3f145ee1ec5a81119a49e55d1c91e77f,,PO decided: unmapped pending broad-label policy
LC11,L047,Accessories > Glasses > Blue Light,263,1,PO approved mapping applied,https://app.notion.com/p/3f145ee1ec5a81119a49e55d1c91e77f,Accessories > Gear & Misc > Personal & Small Accessories > Blue-Light Glasses,PO APPROVED
LC01,L049,Accessories > Handbags > Bags,262,1,PO approved mapping applied,https://app.notion.com/p/3f145ee1ec5a81119a49e55d1c91e77f,Accessories > Bags & Backpacks > Handbags & Purses > Handbags,PO APPROVED
LC02,L050,Accessories > Handbags > Clutch,238,1,PO approved mapping applied,https://app.notion.com/p/3f145ee1ec5a81119a49e55d1c91e77f,Accessories > Bags & Backpacks > Handbags & Purses > Clutches,PO APPROVED
LC02,L051,Accessories > Handbags > Clutches,596,1,PO approved mapping applied,https://app.notion.com/p/3f145ee1ec5a81119a49e55d1c91e77f,Accessories > Bags & Backpacks > Handbags & Purses > Clutches,PO APPROVED
LC01,L054,Accessories > Handbags > Handbags,866,1,PO approved mapping applied,https://app.notion.com/p/3f145ee1ec5a81119a49e55d1c91e77f,Accessories > Bags & Backpacks > Handbags & Purses > Handbags,PO APPROVED
LC01,L055,Accessories > Handbags > Handbags and Purses,599,1,PO approved mapping applied,https://app.notion.com/p/3f145ee1ec5a81119a49e55d1c91e77f,Accessories > Bags & Backpacks > Handbags & Purses > Handbags,PO APPROVED
LC01,L056,Accessories > Handbags > Purses,869,1,PO approved mapping applied,https://app.notion.com/p/3f145ee1ec5a81119a49e55d1c91e77f,Accessories > Bags & Backpacks > Handbags & Purses > Handbags,PO APPROVED
LC04,L057,Accessories > Handbags > Shoulder Bags,746,1,PO approved mapping applied,https://app.notion.com/p/3f145ee1ec5a81119a49e55d1c91e77f,Accessories > Bags & Backpacks > Handbags & Purses > Shoulder Bags,PO APPROVED
LC12,L063,Accessories > Hat Care > Cleaner,643,1,PO approved mapping applied,https://app.notion.com/p/3f145ee1ec5a81119a49e55d1c91e77f,Accessories > Headwear > Hat Care > Hat Cleaner,PO APPROVED
LC13,L091,Accessories > Home Decor > Towels,827,1,PO decided: unmapped pending broad-label policy; outside product-detail work,https://app.notion.com/p/3f145ee1ec5a81119a49e55d1c91e77f,,PO decided: unmapped pending broad-label policy
LC14,L094,Accessories > Keychains > Wallet,748,1,PO decided: unmapped pending broad-label policy; outside product-detail work,https://app.notion.com/p/3f145ee1ec5a81119a49e55d1c91e77f,,PO decided: unmapped pending broad-label policy
LC02,L095,Accessories > Purses > Clutch,713,1,PO approved mapping applied,https://app.notion.com/p/3f145ee1ec5a81119a49e55d1c91e77f,Accessories > Bags & Backpacks > Handbags & Purses > Clutches,PO APPROVED
LC01,L097,Accessories > Purses > Denim,675,1,PO approved mapping applied,https://app.notion.com/p/3f145ee1ec5a81119a49e55d1c91e77f,Accessories > Bags & Backpacks > Handbags & Purses > Handbags,PO APPROVED
LC01,L098,Accessories > Purses > Handbags,695,1,PO approved mapping applied,https://app.notion.com/p/3f145ee1ec5a81119a49e55d1c91e77f,Accessories > Bags & Backpacks > Handbags & Purses > Handbags,PO APPROVED
LC01,L099,Accessories > Purses > New Accessories,250,1,PO approved mapping applied,https://app.notion.com/p/3f145ee1ec5a81119a49e55d1c91e77f,Accessories > Bags & Backpacks > Handbags & Purses > Handbags,PO APPROVED
LC15,L100,Accessories > Scarves > Outerwear,128,1,PO approved mapping applied,https://app.notion.com/p/3f145ee1ec5a81119a49e55d1c91e77f,Accessories > Neckwear > Scarves & Wraps > Scarves,PO APPROVED
LC09,L106,Accessories > Shoe Charms > Jibbitz,118,1,PO approved mapping applied,https://app.notion.com/p/3f145ee1ec5a81119a49e55d1c91e77f,Accessories > Gear & Misc > Shoe Care & Accessories > Shoe Charms,PO APPROVED
LC17,L153,Clothing > Box Set > Clothing and Apparel,532,1,PO decided: unmapped pending broad-label policy; outside product-detail work,https://app.notion.com/p/3f145ee1ec5a81119a49e55d1c91e77f,,PO decided: unmapped pending broad-label policy
LC17,L154,Clothing > Bras > Bra,721,1,PO decided: unmapped pending broad-label policy; outside product-detail work,https://app.notion.com/p/3f145ee1ec5a81119a49e55d1c91e77f,,PO decided: unmapped pending broad-label policy
LC17,L243,Clothing > Jumpers > Bottoms,195,1,PO decided: unmapped pending broad-label policy; outside product-detail work,https://app.notion.com/p/3f145ee1ec5a81119a49e55d1c91e77f,,PO decided: unmapped pending broad-label policy
LC17,L244,Clothing > Jumpers > Pants,209,1,PO decided: unmapped pending broad-label policy; outside product-detail work,https://app.notion.com/p/3f145ee1ec5a81119a49e55d1c91e77f,,PO decided: unmapped pending broad-label policy
LC17,L255,Clothing > Outerwear & Jackets > Jackets,32,1,PO decided: unmapped pending broad-label policy; outside product-detail work,https://app.notion.com/p/3f145ee1ec5a81119a49e55d1c91e77f,,PO decided: unmapped pending broad-label policy
LC16,L354,Clothing > Sport Bras > Bralette,205,1,PO approved mapping applied,https://app.notion.com/p/3f145ee1ec5a81119a49e55d1c91e77f,Clothing > Intimates & Sleepwear > Bras > Sports Bras,PO APPROVED
LC17,L457,Clothing > Underwear > Socks & Underwear,718,1,PO decided: unmapped pending broad-label policy; outside product-detail work,https://app.notion.com/p/3f145ee1ec5a81119a49e55d1c91e77f,,PO decided: unmapped pending broad-label policy
LC18,L468,Footwear > Athletic > Soccer,543,1,PO approved mapping applied,https://app.notion.com/p/3f145ee1ec5a81119a49e55d1c91e77f,Footwear > Athletic Footwear > Field Sports > Soccer Footwear,PO APPROVED
LC21,L559,Footwear > Flats > Casual,"203, 311",2,PO decided: unmapped pending broad-label policy; outside product-detail work,https://app.notion.com/p/3f145ee1ec5a81119a49e55d1c91e77f,,PO decided: unmapped pending broad-label policy
LC21,L560,Footwear > Flats > Flats,507,1,PO decided: unmapped pending broad-label policy; outside product-detail work,https://app.notion.com/p/3f145ee1ec5a81119a49e55d1c91e77f,,PO decided: unmapped pending broad-label policy
LC20,L561,Footwear > Flats > Jelly,600,1,PO approved mapping applied,https://app.notion.com/p/3f145ee1ec5a81119a49e55d1c91e77f,Footwear > Casual Shoes > Flats > Jelly Flats,PO APPROVED
LC21,L562,Footwear > Flats > Lifestyle,617,1,PO decided: unmapped pending broad-label policy; outside product-detail work,https://app.notion.com/p/3f145ee1ec5a81119a49e55d1c91e77f,,PO decided: unmapped pending broad-label policy
LC22,L563,Footwear > Flats > Loafer,584,1,PO decided: unmapped pending broad-label policy; outside product-detail work,https://app.notion.com/p/3f145ee1ec5a81119a49e55d1c91e77f,,PO decided: unmapped pending broad-label policy
LC22,L564,Footwear > Flats > Mules,"201, 312",2,PO decided: unmapped pending broad-label policy; outside product-detail work,https://app.notion.com/p/3f145ee1ec5a81119a49e55d1c91e77f,,PO decided: unmapped pending broad-label policy
LC22,L565,Footwear > Flats > Pumps,481,1,PO decided: unmapped pending broad-label policy; outside product-detail work,https://app.notion.com/p/3f145ee1ec5a81119a49e55d1c91e77f,,PO decided: unmapped pending broad-label policy
LC26,L566,Footwear > Flats > Sandals,530,1,PO approved mapping applied,https://app.notion.com/p/3f145ee1ec5a81119a49e55d1c91e77f,Footwear > Sandals & Wedges > Sandals > Flat,PO APPROVED
LC22,L568,Footwear > Flats > Slippers,782,1,PO decided: unmapped pending broad-label policy; outside product-detail work,https://app.notion.com/p/3f145ee1ec5a81119a49e55d1c91e77f,,PO decided: unmapped pending broad-label policy
LC21,L569,Footwear > Flats > Toddler,637,1,PO decided: unmapped pending broad-label policy; outside product-detail work,https://app.notion.com/p/3f145ee1ec5a81119a49e55d1c91e77f,,PO decided: unmapped pending broad-label policy
LC19,L690,Footwear > Shoes > Baseball,"235, 325",2,PO approved mapping applied,https://app.notion.com/p/3f145ee1ec5a81119a49e55d1c91e77f,Footwear > Athletic Footwear > Field Sports > Baseball Footwear,PO APPROVED
LC23,L692,Footwear > Shoes > Booties,462,1,PO decided: unmapped pending broad-label policy; outside product-detail work,https://app.notion.com/p/3f145ee1ec5a81119a49e55d1c91e77f,,PO decided: unmapped pending broad-label policy
LC23,L693,Footwear > Shoes > Boots,567,1,PO decided: unmapped pending broad-label policy; outside product-detail work,https://app.notion.com/p/3f145ee1ec5a81119a49e55d1c91e77f,,PO decided: unmapped pending broad-label policy
LC24,L695,Footwear > Shoes > Chunky,741,1,PO decided: unmapped pending broad-label policy; outside product-detail work,https://app.notion.com/p/3f145ee1ec5a81119a49e55d1c91e77f,,PO decided: unmapped pending broad-label policy
LC23,L696,Footwear > Shoes > Clogs,716,1,PO decided: unmapped pending broad-label policy; outside product-detail work,https://app.notion.com/p/3f145ee1ec5a81119a49e55d1c91e77f,,PO decided: unmapped pending broad-label policy
LC24,L697,Footwear > Shoes > Exotic,690,1,PO decided: unmapped pending broad-label policy; outside product-detail work,https://app.notion.com/p/3f145ee1ec5a81119a49e55d1c91e77f,,PO decided: unmapped pending broad-label policy
LC21,L698,Footwear > Shoes > Flat,"187, 328",2,PO decided: unmapped pending broad-label policy; outside product-detail work,https://app.notion.com/p/3f145ee1ec5a81119a49e55d1c91e77f,,PO decided: unmapped pending broad-label policy
LC21,L699,Footwear > Shoes > Flats,491,1,PO decided: unmapped pending broad-label policy; outside product-detail work,https://app.notion.com/p/3f145ee1ec5a81119a49e55d1c91e77f,,PO decided: unmapped pending broad-label policy
LC23,L700,Footwear > Shoes > High Heels,504,1,PO decided: unmapped pending broad-label policy; outside product-detail work,https://app.notion.com/p/3f145ee1ec5a81119a49e55d1c91e77f,,PO decided: unmapped pending broad-label policy
LC24,L701,Footwear > Shoes > Lace up,457,1,PO decided: unmapped pending broad-label policy; outside product-detail work,https://app.notion.com/p/3f145ee1ec5a81119a49e55d1c91e77f,,PO decided: unmapped pending broad-label policy
LC23,L703,Footwear > Shoes > Loafers,"54, 330",2,PO decided: unmapped pending broad-label policy; outside product-detail work,https://app.notion.com/p/3f145ee1ec5a81119a49e55d1c91e77f,,PO decided: unmapped pending broad-label policy
LC23,L704,Footwear > Shoes > Low Heel,894,1,PO decided: unmapped pending broad-label policy; outside product-detail work,https://app.notion.com/p/3f145ee1ec5a81119a49e55d1c91e77f,,PO decided: unmapped pending broad-label policy
LC23,L705,Footwear > Shoes > Moccasins,"237, 331",2,PO decided: unmapped pending broad-label policy; outside product-detail work,https://app.notion.com/p/3f145ee1ec5a81119a49e55d1c91e77f,,PO decided: unmapped pending broad-label policy
LC24,L707,Footwear > Shoes > Open Toe,392,1,PO decided: unmapped pending broad-label policy; outside product-detail work,https://app.notion.com/p/3f145ee1ec5a81119a49e55d1c91e77f,,PO decided: unmapped pending broad-label policy
LC23,L708,Footwear > Shoes > Oxfords,704,1,PO decided: unmapped pending broad-label policy; outside product-detail work,https://app.notion.com/p/3f145ee1ec5a81119a49e55d1c91e77f,,PO decided: unmapped pending broad-label policy
LC24,L709,Footwear > Shoes > Platform,627,1,PO decided: unmapped pending broad-label policy; outside product-detail work,https://app.notion.com/p/3f145ee1ec5a81119a49e55d1c91e77f,,PO decided: unmapped pending broad-label policy
LC24,L710,Footwear > Shoes > Platforms,467,1,PO decided: unmapped pending broad-label policy; outside product-detail work,https://app.notion.com/p/3f145ee1ec5a81119a49e55d1c91e77f,,PO decided: unmapped pending broad-label policy
LC23,L711,Footwear > Shoes > Pumps,"70, 332",2,PO decided: unmapped pending broad-label policy; outside product-detail work,https://app.notion.com/p/3f145ee1ec5a81119a49e55d1c91e77f,,PO decided: unmapped pending broad-label policy
LC23,L712,Footwear > Shoes > Sandals,398,1,PO decided: unmapped pending broad-label policy; outside product-detail work,https://app.notion.com/p/3f145ee1ec5a81119a49e55d1c91e77f,,PO decided: unmapped pending broad-label policy
LC24,L715,Footwear > Shoes > Slip On,"145, 335",2,PO decided: unmapped pending broad-label policy; outside product-detail work,https://app.notion.com/p/3f145ee1ec5a81119a49e55d1c91e77f,,PO decided: unmapped pending broad-label policy
LC23,L718,Footwear > Shoes > Strappy Heel,485,1,PO decided: unmapped pending broad-label policy; outside product-detail work,https://app.notion.com/p/3f145ee1ec5a81119a49e55d1c91e77f,,PO decided: unmapped pending broad-label policy
LC23,L719,Footwear > Shoes > Wedges,432,1,PO decided: unmapped pending broad-label policy; outside product-detail work,https://app.notion.com/p/3f145ee1ec5a81119a49e55d1c91e77f,,PO decided: unmapped pending broad-label policy
LC19,L739,Footwear > Sneakers > Baseball,719,1,PO approved mapping applied,https://app.notion.com/p/3f145ee1ec5a81119a49e55d1c91e77f,Footwear > Athletic Footwear > Field Sports > Baseball Footwear,PO APPROVED
LC18,L772,Footwear > Sneakers > Soccer,"147, 357",2,PO approved mapping applied,https://app.notion.com/p/3f145ee1ec5a81119a49e55d1c91e77f,Footwear > Athletic Footwear > Field Sports > Soccer Footwear,PO APPROVED
LC25,L777,Footwear > Soles > Shoe Care,657,1,PO decided: unmapped pending broad-label policy; outside product-detail work,https://app.notion.com/p/3f145ee1ec5a81119a49e55d1c91e77f,,PO decided: unmapped pending broad-label policy
