Source,URL,Tab / read,Use / limitation,SHA256 / method noted in Tab-read
May 19,https://docs.google.com/spreadsheets/d/1WayzEn2EqB-2VZCH_vP8sKALEglqf16S1I94_WFpE5o/edit,Sheet 1 A1:F270,258 original base paths; source unchanged,ef009be97f5d3bfd31d6e56863e73ac4d4ef9e70d52f1daea632418e25ac9e1d
Comparator,https://docs.google.com/spreadsheets/d/1oiGns5i3hUj9j2_vEG5Ouw4EmgtixrzM5SDjQKp2LvY/edit,Production Taxonomy A1:F250,241 paths; only 54 non-base paths require separate disposition,ed959e168d4a7b87a943c23004eeeacfd55294be8d72563cf759e2a44eaa1bcd
Approved old 814 source,https://docs.google.com/spreadsheets/d/1TAT6Lk2Qp2pfnB9rBLZmh-6kZSB-l3SJ-MQSbi3tVL0/edit#gid=999937790,Old -> New Mapping A1:A1365,PO designated 2026-10-06;899 occurrences/814 unique. OLD column only. Live values still equal approved capture. Master comparison blocked by missing tab in supplied file; source designation stays approved.,95acae7059b89986cd92e4ef9b67545aff927e5ab678a22a5e5ec2c1b716d0cd
Approved cleanup,https://app.notion.com/p/3f145ee1ec5a81c8bd2de7db0bb527c2,C1-C10,Approved structure directions; no product map approval,
Design,https://app.notion.com/p/3f145ee1ec5a81c9a491c2cc4aa89e3c,Shared Department and R14 contract,Planning proposal; implementation HOLD,
Master identity — unverified,https://docs.google.com/spreadsheets/d/1MYFO2vyKSYkHnzCBQDRxaK08nDEM5TUXr83lSYHCIV0/edit,Metadata read 2026-10-06; title Product Attributes for Ropi,Supplied MasterID has no Old→New Mapping tab. Historical identity remains unverified but does not block planning with the approved 814 source. See 3C.,
Approved OLD — column-value hash,https://docs.google.com/spreadsheets/d/1TAT6Lk2Qp2pfnB9rBLZmh-6kZSB-l3SJ-MQSbi3tVL0/edit#gid=999937790,Old -> New Mapping A1:A1365; SHA-256 of UTF-8 compact JSON data-value array,"Exclude header/trailing blank cells; preserve order, duplicates, case, spelling and whitespace.899 data values/814 exact unique strings; equal approved capture. Other source hashes above are captured-response file hashes.",7c3d3c488387ff7df2db1be0a6ef337e7de38a2239c1a25b130d41578c2989fb
Identity-check evidence,https://app.notion.com/p/3f145ee1ec5a81aabd64c52ae357b4e9,3C — Taxonomy inventory and source checks,3C owns missing-tab finding and 534-row attachment subset/280 missing comparison. Source designation remains approved.,
PO coverage decisions,https://app.notion.com/p/3f145ee1ec5a81119a49e55d1c91e77f,3G — all 26 groups decided 2026-10-06,13 new paths;33 import targets set;43 decided unmapped. LC16→T103; LC26→T219. Implementation HOLD.,
PO maintenance and refill ruling,https://app.notion.com/p/3f145ee1ec5a81c9a491c2cc4aa89e3c,No-developer maintenance requirement,No automatic existing-product refill; Admin self-service required; remaining design work is tracked on 3A.,
Attached older map comparison,https://app.notion.com/p/3f145ee1ec5a81aabd64c52ae357b4e9,Snapshot 3 -> 4 taxonomy level OLD A2:A535; compact UTF-8 JSON data-value hash,"534 unique/occurrences; all in 814;280 approved tuples absent;0 attachment-only; targets excluded. Snapshot comparison, not fresh live-sheet read.",494c67e6f1cff1608b7ef149b682f553a2ca5d29784f966839ac80a1fe4ccacb
