Path ID,Primary four-level path,Proposed legacy path,Assessment,Reason,Relationship,Proposed old ID,Candidate legacy path,Candidate old ID
T001,Accessories > Bags & Backpacks > Backpacks > Mini Backpacks,Accessories > Backpacks > Mini,SUPPORTED DRAFT,Keeps the named merchandise family; finer ROPI detail remains in the primary fields.,BROADER LEGACY,L012,,
T002,Accessories > Bags & Backpacks > Backpacks > School Backpacks,Accessories > Bags > Backpack,SUPPORTED DRAFT,Keeps the named merchandise family; finer ROPI detail remains in the primary fields.,BROADER LEGACY,L015,,
T003,Accessories > Bags & Backpacks > Backpacks > Travel,Accessories > Bags > Backpack,SUPPORTED DRAFT,Keeps the named merchandise family; finer ROPI detail remains in the primary fields.,BROADER LEGACY,L015,,
T004,Accessories > Bags & Backpacks > Crossbody & Messenger > Messenger Bags,Accessories > Bags > Messenger Bags,SUPPORTED DRAFT,Keeps the named merchandise family; finer ROPI detail remains in the primary fields.,BROADER LEGACY,L028,,
T005,Accessories > Bags & Backpacks > Crossbody Bags > Casual,Accessories > Bags > Crossbody,SUPPORTED DRAFT,Keeps the named merchandise family; finer ROPI detail remains in the primary fields.,BROADER LEGACY,L021,,
T006,Accessories > Bags & Backpacks > Crossbody Bags > Sport,Accessories > Bags > Crossbody,SUPPORTED DRAFT,Keeps the named merchandise family; finer ROPI detail remains in the primary fields.,BROADER LEGACY,L021,,
T007,Accessories > Bags & Backpacks > Duffle Bags > Gym Bags,Accessories > Bags > Duffle Bags,SUPPORTED DRAFT,Keeps the named merchandise family; finer ROPI detail remains in the primary fields.,BROADER LEGACY,L023,,
T008,Accessories > Bags & Backpacks > Duffle Bags > Travel,Accessories > Bags > Duffle Bags,SUPPORTED DRAFT,Keeps the named merchandise family; finer ROPI detail remains in the primary fields.,BROADER LEGACY,L023,,
T009,Accessories > Bags & Backpacks > Fanny Packs > Shoulder,Accessories > Bags > Fanny Pack,SUPPORTED DRAFT,Keeps the named merchandise family; finer ROPI detail remains in the primary fields.,BROADER LEGACY,L025,,
T010,Accessories > Bags & Backpacks > Fanny Packs > Waist,Accessories > Bags > Fanny Pack,SUPPORTED DRAFT,Keeps the named merchandise family; finer ROPI detail remains in the primary fields.,BROADER LEGACY,L025,,
T011,Accessories > Bags & Backpacks > Tote Bags > Canvas,Accessories > Bags > Tote Bags,SUPPORTED DRAFT,Keeps the named merchandise family; finer ROPI detail remains in the primary fields.,BROADER LEGACY,L033,,
T012,Accessories > Bags & Backpacks > Tote Bags > Leather,Accessories > Bags > Tote Bags,SUPPORTED DRAFT,Keeps the named merchandise family; finer ROPI detail remains in the primary fields.,BROADER LEGACY,L033,,
T013,Accessories > Bags & Backpacks > Wallets & Card Holders > Wallets,,REVIEW,No defensible same-Department legacy tuple selected from the observed old source; verify missing coverage or required product detail.,REVIEW,,,
T014,Accessories > Beauty & Grooming > Fragrance > Body Mist,,REVIEW,No defensible same-Department legacy tuple selected from the observed old source; verify missing coverage or required product detail.,REVIEW,,,
T015,Accessories > Beauty & Grooming > Fragrance > Cologne,,REVIEW,No defensible same-Department legacy tuple selected from the observed old source; verify missing coverage or required product detail.,REVIEW,,,
T016,Accessories > Beauty & Grooming > Grooming > Beard Care,,REVIEW,No defensible same-Department legacy tuple selected from the observed old source; verify missing coverage or required product detail.,REVIEW,,,
T017,Accessories > Beauty & Grooming > Grooming > Hair Care,,REVIEW,No defensible same-Department legacy tuple selected from the observed old source; verify missing coverage or required product detail.,REVIEW,,,
T018,Accessories > Beauty & Grooming > Makeup > Eye Color,,REVIEW,No defensible same-Department legacy tuple selected from the observed old source; verify missing coverage or required product detail.,REVIEW,,,
T019,Accessories > Beauty & Grooming > Makeup > Lip Color,,REVIEW,No defensible same-Department legacy tuple selected from the observed old source; verify missing coverage or required product detail.,REVIEW,,,
T020,Accessories > Beauty & Grooming > Skincare > Cleansers,,REVIEW,No defensible same-Department legacy tuple selected from the observed old source; verify missing coverage or required product detail.,REVIEW,,,
T021,Accessories > Beauty & Grooming > Skincare > Moisturizers,,REVIEW,No defensible same-Department legacy tuple selected from the observed old source; verify missing coverage or required product detail.,REVIEW,,,
T022,Accessories > Beauty & Grooming > Sun Care > After Sun,,REVIEW,No defensible same-Department legacy tuple selected from the observed old source; verify missing coverage or required product detail.,REVIEW,,,
T023,Accessories > Beauty & Grooming > Sun Care > Sunscreen,,REVIEW,No defensible same-Department legacy tuple selected from the observed old source; verify missing coverage or required product detail.,REVIEW,,,
T024,Accessories > Belts > Casual > Leather,Accessories > Belts > Belts,SUPPORTED DRAFT,Keeps the named merchandise family; finer ROPI detail remains in the primary fields.,BROADER LEGACY,L036,,
T025,Accessories > Belts > Casual > Webbed,Accessories > Belts > Belts,SUPPORTED DRAFT,Keeps the named merchandise family; finer ROPI detail remains in the primary fields.,BROADER LEGACY,L036,,
T026,Accessories > Belts > Dress > Leather,Accessories > Belts > Belts,SUPPORTED DRAFT,Keeps the named merchandise family; finer ROPI detail remains in the primary fields.,BROADER LEGACY,L036,,
T027,Accessories > Gear & Misc > Personal & Small Accessories > Keychains,,REVIEW,No defensible same-Department legacy tuple selected from the observed old source; verify missing coverage or required product detail.,REVIEW,,,
T028,Accessories > Gear & Misc > Personal & Small Accessories > Sunglasses,Accessories > Sunglasses > Sunglasses,SUPPORTED DRAFT,Keeps the named merchandise family; finer ROPI detail remains in the primary fields.,BROADER LEGACY,L133,,
T029,Accessories > Gear & Misc > Personal & Small Accessories > Wallet Chains,,REVIEW,No defensible same-Department legacy tuple selected from the observed old source; verify missing coverage or required product detail.,REVIEW,,,
T030,Accessories > Gear & Misc > Shoe Care & Accessories > Crease Guards,Accessories > Shoe Care > Shoe Care,SUPPORTED DRAFT,Keeps the named merchandise family; finer ROPI detail remains in the primary fields.,BROADER LEGACY,L102,,
T031,Accessories > Gear & Misc > Shoe Care & Accessories > Shoe Cleaner,Accessories > Shoe Care > Shoe Cleaner,SUPPORTED DRAFT,Keeps the named merchandise family; finer ROPI detail remains in the primary fields.,BROADER LEGACY,L103,,
T032,Accessories > Gear & Misc > Shoe Care & Accessories > Shoe Laces,Accessories > Shoe Care > Shoe Laces,SUPPORTED DRAFT,Keeps the named merchandise family; finer ROPI detail remains in the primary fields.,BROADER LEGACY,L104,,
T033,Accessories > Hair Accessories > Clips & Pins > Bobby Pins,,REVIEW,No defensible same-Department legacy tuple selected from the observed old source; verify missing coverage or required product detail.,REVIEW,,,
T034,Accessories > Hair Accessories > Clips & Pins > Hair Clips,,REVIEW,No defensible same-Department legacy tuple selected from the observed old source; verify missing coverage or required product detail.,REVIEW,,,
T035,Accessories > Hair Accessories > Headbands & Ties > Hair Ties,,REVIEW,No defensible same-Department legacy tuple selected from the observed old source; verify missing coverage or required product detail.,REVIEW,,,
T036,Accessories > Hair Accessories > Headbands & Ties > Headbands,,REVIEW,No defensible same-Department legacy tuple selected from the observed old source; verify missing coverage or required product detail.,REVIEW,,,
T037,Accessories > Headwear > Beanies > Balaclava,Accessories > Headwear > Balaclava,SUPPORTED DRAFT,Keeps the named merchandise family; finer ROPI detail remains in the primary fields.,BROADER LEGACY,L088,,
T038,Accessories > Headwear > Beanies > Cuffed Beanies,Accessories > Hats > Beanies,SUPPORTED DRAFT,Keeps the named merchandise family; finer ROPI detail remains in the primary fields.,BROADER LEGACY,L069,,
T039,Accessories > Headwear > Beanies > Pom,Accessories > Hats > Beanies,SUPPORTED DRAFT,Keeps the named merchandise family; finer ROPI detail remains in the primary fields.,BROADER LEGACY,L069,,
T040,Accessories > Headwear > Beanies > Slouch Beanies,Accessories > Hats > Beanies,SUPPORTED DRAFT,Keeps the named merchandise family; finer ROPI detail remains in the primary fields.,BROADER LEGACY,L069,,
T041,Accessories > Headwear > Bucket Hats > Canvas,Accessories > Hats > Bucket Hats,SUPPORTED DRAFT,Keeps the named merchandise family; finer ROPI detail remains in the primary fields.,BROADER LEGACY,L071,,
T042,Accessories > Headwear > Bucket Hats > Nylon,Accessories > Hats > Bucket Hats,SUPPORTED DRAFT,Keeps the named merchandise family; finer ROPI detail remains in the primary fields.,BROADER LEGACY,L071,,
T043,Accessories > Headwear > Caps > 5-Panel Caps,Accessories > Hats > Hats,PO APPROVED,PO approved 2026-10-06: use this existing broader legacy output; retain full four-level detail in ROPI. Approval covers this draft-map choice only; implementation remains HOLD.,BROADER LEGACY,L080,Accessories > Hats > Hats,L080
T044,Accessories > Headwear > Caps > Dad Hats,Accessories > Hats > Dad Hat,SUPPORTED DRAFT,Keeps the named merchandise family; finer ROPI detail remains in the primary fields.,BROADER LEGACY,L074,,
T045,Accessories > Headwear > Caps > Fitted,Accessories > Hats > Fitted,SUPPORTED DRAFT,Keeps the named merchandise family; finer ROPI detail remains in the primary fields.,BROADER LEGACY,L076,,
T046,Accessories > Headwear > Caps > Snapbacks,Accessories > Hats > Snapback,SUPPORTED DRAFT,Keeps the named merchandise family; finer ROPI detail remains in the primary fields.,BROADER LEGACY,L082,,
T047,Accessories > Headwear > Caps > Trucker Hats,Accessories > Hats > Trucker Hat,SUPPORTED DRAFT,Keeps the named merchandise family; finer ROPI detail remains in the primary fields.,BROADER LEGACY,L086,,
T048,Accessories > Headwear > Licensed Fanwear > MLB,Accessories > Hats > Hats,PO APPROVED,PO approved 2026-10-06: use this existing broader legacy output; retain full four-level detail in ROPI. Approval covers this draft-map choice only; implementation remains HOLD.,BROADER LEGACY,L080,Accessories > Hats > Hats,L080
T049,Accessories > Headwear > Licensed Fanwear > NBA,Accessories > Hats > Hats,PO APPROVED,PO approved 2026-10-06: use this existing broader legacy output; retain full four-level detail in ROPI. Approval covers this draft-map choice only; implementation remains HOLD.,BROADER LEGACY,L080,Accessories > Hats > Hats,L080
T050,Accessories > Headwear > Licensed Fanwear > NFL,Accessories > Hats > Hats,PO APPROVED,PO approved 2026-10-06: use this existing broader legacy output; retain full four-level detail in ROPI. Approval covers this draft-map choice only; implementation remains HOLD.,BROADER LEGACY,L080,Accessories > Hats > Hats,L080
T051,Accessories > Headwear > Visors > Sport,Accessories > Hats > Hats,PO APPROVED,PO approved 2026-10-06: use this existing broader legacy output; retain full four-level detail in ROPI. Approval covers this draft-map choice only; implementation remains HOLD.,BROADER LEGACY,L080,Accessories > Hats > Hats,L080
T052,Accessories > Jewelry & Watches > Bracelets > Leather,Accessories > Jewelry > Bracelets,SUPPORTED DRAFT,Keeps the named merchandise family; finer ROPI detail remains in the primary fields.,BROADER LEGACY,L093,,
T053,Accessories > Jewelry & Watches > Bracelets > Metal,Accessories > Jewelry > Bracelets,SUPPORTED DRAFT,Keeps the named merchandise family; finer ROPI detail remains in the primary fields.,BROADER LEGACY,L093,,
T054,Accessories > Jewelry & Watches > Necklaces > Chains,,REVIEW,No defensible same-Department legacy tuple selected from the observed old source; verify missing coverage or required product detail.,REVIEW,,,
T055,Accessories > Jewelry & Watches > Necklaces > Pendants,,REVIEW,No defensible same-Department legacy tuple selected from the observed old source; verify missing coverage or required product detail.,REVIEW,,,
T056,Accessories > Jewelry & Watches > Rings > Bands,,REVIEW,No defensible same-Department legacy tuple selected from the observed old source; verify missing coverage or required product detail.,REVIEW,,,
T057,Accessories > Jewelry & Watches > Watches > Analog,,REVIEW,No defensible same-Department legacy tuple selected from the observed old source; verify missing coverage or required product detail.,REVIEW,,,
T058,Accessories > Jewelry & Watches > Watches > Digital,Accessories > Watches > Digital,SUPPORTED DRAFT,Keeps the named merchandise family; finer ROPI detail remains in the primary fields.,BROADER LEGACY,L141,,
T059,Accessories > Jewelry & Watches > Watches > Smartwatches,,REVIEW,No defensible same-Department legacy tuple selected from the observed old source; verify missing coverage or required product detail.,REVIEW,,,
T060,Accessories > Socks > Athletic > Ankle,Accessories > Socks > Ankle Sock,SUPPORTED DRAFT,Keeps the named merchandise family; finer ROPI detail remains in the primary fields.,BROADER LEGACY,L115,,
T061,Accessories > Socks > Athletic > Crew,Accessories > Socks > Crew,SUPPORTED DRAFT,Keeps the named merchandise family; finer ROPI detail remains in the primary fields.,BROADER LEGACY,L118,,
T062,Accessories > Socks > Athletic > No-Show,Accessories > Socks > No show,SUPPORTED DRAFT,Keeps the named merchandise family; finer ROPI detail remains in the primary fields.,BROADER LEGACY,L121,,
T063,Accessories > Socks > Casual > Dress,Accessories > Socks > Socks,SUPPORTED DRAFT,Keeps the named merchandise family; finer ROPI detail remains in the primary fields.,BROADER LEGACY,L122,,
T064,Accessories > Socks > Casual > Novelty,Accessories > Socks > Socks,SUPPORTED DRAFT,Keeps the named merchandise family; finer ROPI detail remains in the primary fields.,BROADER LEGACY,L122,,
T065,Accessories > Tech Accessories > Phone Cases > Leather,,REVIEW,No defensible same-Department legacy tuple selected from the observed old source; verify missing coverage or required product detail.,REVIEW,,,
T066,Accessories > Tech Accessories > Phone Cases > Silicone,,REVIEW,No defensible same-Department legacy tuple selected from the observed old source; verify missing coverage or required product detail.,REVIEW,,,
T067,Clothing > Bottoms > Jeans > Bootcut,Clothing > Jeans > Jeans,SUPPORTED DRAFT,Keeps the named merchandise family; finer ROPI detail remains in the primary fields.,BROADER LEGACY,L232,,
T068,Clothing > Bottoms > Jeans > Relaxed,Clothing > Jeans > Jeans,SUPPORTED DRAFT,Keeps the named merchandise family; finer ROPI detail remains in the primary fields.,BROADER LEGACY,L232,,
T069,Clothing > Bottoms > Jeans > Skinny,Clothing > Jeans > Skinny,SUPPORTED DRAFT,Keeps the named merchandise family; finer ROPI detail remains in the primary fields.,BROADER LEGACY,L234,,
T070,Clothing > Bottoms > Jeans > Slim,Clothing > Jeans > Jeans,SUPPORTED DRAFT,Keeps the named merchandise family; finer ROPI detail remains in the primary fields.,BROADER LEGACY,L232,,
T071,Clothing > Bottoms > Jeans > Straight,Clothing > Jeans > Straight,SUPPORTED DRAFT,Keeps the named merchandise family; finer ROPI detail remains in the primary fields.,BROADER LEGACY,L236,,
T072,Clothing > Bottoms > Leggings > Athletic,Clothing > Pants > Leggings,SUPPORTED DRAFT,Keeps the named merchandise family; finer ROPI detail remains in the primary fields.,BROADER LEGACY,L272,,
T073,Clothing > Bottoms > Leggings > Casual,Clothing > Pants > Leggings,SUPPORTED DRAFT,Keeps the named merchandise family; finer ROPI detail remains in the primary fields.,BROADER LEGACY,L272,,
T074,Clothing > Bottoms > Leggings > Compression,Clothing > Pants > Leggings,SUPPORTED DRAFT,Keeps the named merchandise family; finer ROPI detail remains in the primary fields.,BROADER LEGACY,L272,,
T075,Clothing > Bottoms > Leggings > Performance,Clothing > Pants > Leggings,SUPPORTED DRAFT,Keeps the named merchandise family; finer ROPI detail remains in the primary fields.,BROADER LEGACY,L272,,
T076,Clothing > Bottoms > Pants > Cargo Pants,Clothing > Pants > Cargo,SUPPORTED DRAFT,Keeps the named merchandise family; finer ROPI detail remains in the primary fields.,BROADER LEGACY,L262,,
T077,Clothing > Bottoms > Pants > Chinos,Clothing > Pants > Chino,SUPPORTED DRAFT,Keeps the named merchandise family; finer ROPI detail remains in the primary fields.,BROADER LEGACY,L264,,
T078,Clothing > Bottoms > Pants > Dress Pants,Clothing > Pants > Pants,SUPPORTED DRAFT,Keeps the named merchandise family; finer ROPI detail remains in the primary fields.,BROADER LEGACY,L273,,
T079,Clothing > Bottoms > Pants > Joggers,Clothing > Pants > Joggers,SUPPORTED DRAFT,Keeps the named merchandise family; finer ROPI detail remains in the primary fields.,BROADER LEGACY,L270,,
T080,Clothing > Bottoms > Pants > Track Pants,Clothing > Pants > Track Pants,SUPPORTED DRAFT,Keeps the named merchandise family; finer ROPI detail remains in the primary fields.,BROADER LEGACY,L281,,
T081,Clothing > Bottoms > Pants > Twill Pants,Clothing > Pants > Pants,SUPPORTED DRAFT,Keeps the named merchandise family; finer ROPI detail remains in the primary fields.,BROADER LEGACY,L273,,
T082,Clothing > Bottoms > Shorts > Athletic Shorts,Clothing > Shorts > Athletic,SUPPORTED DRAFT,Keeps the named merchandise family; finer ROPI detail remains in the primary fields.,BROADER LEGACY,L314,,
T083,Clothing > Bottoms > Shorts > Casual Shorts,Clothing > Shorts > Casual,SUPPORTED DRAFT,Keeps the named merchandise family; finer ROPI detail remains in the primary fields.,BROADER LEGACY,L321,,
T084,Clothing > Bottoms > Shorts > Cut-Off Shorts,Clothing > Shorts > Cut Off,SUPPORTED DRAFT,Keeps the named merchandise family; finer ROPI detail remains in the primary fields.,BROADER LEGACY,L322,,
T085,Clothing > Bottoms > Shorts > Denim Shorts,Clothing > Shorts > Denim,SUPPORTED DRAFT,Keeps the named merchandise family; finer ROPI detail remains in the primary fields.,BROADER LEGACY,L323,,
T086,Clothing > Bottoms > Shorts > Sweatshorts,Clothing > Shorts > Sweatshorts,SUPPORTED DRAFT,Keeps the named merchandise family; finer ROPI detail remains in the primary fields.,BROADER LEGACY,L331,,
T087,Clothing > Bottoms > Skirts > Maxi,Clothing > Skirts > Skirts,SUPPORTED DRAFT,Keeps the named merchandise family; finer ROPI detail remains in the primary fields.,BROADER LEGACY,L348,,
T088,Clothing > Bottoms > Skirts > Midi,Clothing > Skirts > Skirts,SUPPORTED DRAFT,Keeps the named merchandise family; finer ROPI detail remains in the primary fields.,BROADER LEGACY,L348,,
T089,Clothing > Bottoms > Skirts > Mini,Clothing > Skirts > Skirts,SUPPORTED DRAFT,Keeps the named merchandise family; finer ROPI detail remains in the primary fields.,BROADER LEGACY,L348,,
T090,Clothing > Bottoms > Sweatpants > Fleece,Clothing > Sweatpants > Fleece,SUPPORTED DRAFT,Keeps the named merchandise family; finer ROPI detail remains in the primary fields.,BROADER LEGACY,L369,,
T091,Clothing > Bottoms > Sweatpants > French Terry,Clothing > Sweatpants > Sweatpants,SUPPORTED DRAFT,Keeps the named merchandise family; finer ROPI detail remains in the primary fields.,BROADER LEGACY,L375,,
T092,Clothing > Dresses & Rompers > Dresses > Bodycon,Clothing > Dress > Dresses,SUPPORTED DRAFT,Keeps the named merchandise family; finer ROPI detail remains in the primary fields.,BROADER LEGACY,L165,,
T093,Clothing > Dresses & Rompers > Dresses > Maxi,Clothing > Dresses > Maxi,SUPPORTED DRAFT,Keeps the named merchandise family; finer ROPI detail remains in the primary fields.,BROADER LEGACY,L171,,
T094,Clothing > Dresses & Rompers > Dresses > Midi,Clothing > Dress > Dresses,SUPPORTED DRAFT,Keeps the named merchandise family; finer ROPI detail remains in the primary fields.,BROADER LEGACY,L165,,
T095,Clothing > Dresses & Rompers > Dresses > Mini,Clothing > Dresses > Mini,SUPPORTED DRAFT,Keeps the named merchandise family; finer ROPI detail remains in the primary fields.,BROADER LEGACY,L172,,
T096,Clothing > Dresses & Rompers > Rompers & Jumpsuits > Jumpsuits,,REVIEW,Old Jumpers > Pants/Bottoms does not prove rompers or one-piece jumpsuits; no forced target.,REVIEW,,,
T097,Clothing > Dresses & Rompers > Rompers & Jumpsuits > Rompers,,REVIEW,Old Jumpers > Pants/Bottoms does not prove rompers or one-piece jumpsuits; no forced target.,REVIEW,,,
T098,Clothing > Hoodies & Sweatshirts > Hoodies > Pullover Hoodies,Clothing > Hoodies > Pullover Hoodies,SUPPORTED DRAFT,Keeps the named merchandise family; finer ROPI detail remains in the primary fields.,BROADER LEGACY,L180,,
T099,Clothing > Hoodies & Sweatshirts > Hoodies > Zip-Up Hoodies,Clothing > Hoodies > Zip Up Hoodies,SUPPORTED DRAFT,Keeps the named merchandise family; finer ROPI detail remains in the primary fields.,BROADER LEGACY,L182,,
T100,Clothing > Hoodies & Sweatshirts > Sweatshirts > Crewneck Sweatshirts,Clothing > Sweatshirts > Crewneck,SUPPORTED DRAFT,Keeps the named merchandise family; finer ROPI detail remains in the primary fields.,BROADER LEGACY,L381,,
T101,Clothing > Hoodies & Sweatshirts > Sweatshirts > Quarter-Zip,Clothing > Tops > Sweatshirts,PO APPROVED,PO approved 2026-10-06: use this existing broader legacy output; retain full four-level detail in ROPI. Approval covers this draft-map choice only; implementation remains HOLD.,BROADER LEGACY,L442,Clothing > Tops > Sweatshirts,L442
T102,Clothing > Intimates & Sleepwear > Bras > Everyday Bras,Clothing > Bras > Bra,SUPPORTED DRAFT,Keeps the named merchandise family; finer ROPI detail remains in the primary fields.,BROADER LEGACY,L154,,
T103,Clothing > Intimates & Sleepwear > Bras > Sports Bras,Clothing > Bras > Sports bra,SUPPORTED DRAFT,Keeps the named merchandise family; finer ROPI detail remains in the primary fields.,BROADER LEGACY,L155,,
T104,Clothing > Intimates & Sleepwear > Sleepwear > Nightgowns,,REVIEW,No defensible same-Department legacy tuple selected from the observed old source; verify missing coverage or required product detail.,REVIEW,,,
T105,Clothing > Intimates & Sleepwear > Sleepwear > Pajama Sets,,REVIEW,No defensible same-Department legacy tuple selected from the observed old source; verify missing coverage or required product detail.,REVIEW,,,
T106,Clothing > Intimates & Sleepwear > Sleepwear > Robes,,REVIEW,No defensible same-Department legacy tuple selected from the observed old source; verify missing coverage or required product detail.,REVIEW,,,
T107,Clothing > Intimates & Sleepwear > Underwear > Boxer Briefs,Clothing > Underwear > Boxer Brief,SUPPORTED DRAFT,Keeps the named merchandise family; finer ROPI detail remains in the primary fields.,BROADER LEGACY,L455,,
T108,Clothing > Intimates & Sleepwear > Underwear > Boxers,Clothing > Underwear > Boxers,SUPPORTED DRAFT,Keeps the named merchandise family; finer ROPI detail remains in the primary fields.,BROADER LEGACY,L456,,
T109,Clothing > Intimates & Sleepwear > Underwear > Briefs,,REVIEW,No defensible same-Department legacy tuple selected from the observed old source; verify missing coverage or required product detail.,REVIEW,,,
T110,Clothing > Matching Sets > Tracksuits > Full Zip,,REVIEW,Box Set > Clothing and Apparel does not prove tracksuits or matching sets; verify an approved old output.,REVIEW,,,
T111,Clothing > Matching Sets > Tracksuits > Pullover,,REVIEW,Box Set > Clothing and Apparel does not prove tracksuits or matching sets; verify an approved old output.,REVIEW,,,
T112,Clothing > Matching Sets > Two-Piece Sets > Crop Top Sets,,REVIEW,Box Set > Clothing and Apparel does not prove tracksuits or matching sets; verify an approved old output.,REVIEW,,,
T113,Clothing > Matching Sets > Two-Piece Sets > Shorts Sets,,REVIEW,Box Set > Clothing and Apparel does not prove tracksuits or matching sets; verify an approved old output.,REVIEW,,,
T114,Clothing > Outerwear & Jackets > Coats & Parkas > Anoraks,Clothing > Jackets > Anaorak,SUPPORTED DRAFT,Keeps the named merchandise family; finer ROPI detail remains in the primary fields.,BROADER LEGACY,L190,,
T115,Clothing > Outerwear & Jackets > Coats & Parkas > Parkas,Clothing > Jackets > Parka,SUPPORTED DRAFT,Keeps the named merchandise family; finer ROPI detail remains in the primary fields.,BROADER LEGACY,L208,,
T116,Clothing > Outerwear & Jackets > Coats & Parkas > Peacoats,Clothing > Jackets > Outerwear,SUPPORTED DRAFT,Keeps the named merchandise family; finer ROPI detail remains in the primary fields.,BROADER LEGACY,L207,,
T117,Clothing > Outerwear & Jackets > Coats & Parkas > Puffer Coats,Clothing > Jackets > Puffer,SUPPORTED DRAFT,Keeps the named merchandise family; finer ROPI detail remains in the primary fields.,BROADER LEGACY,L209,,
T118,Clothing > Outerwear & Jackets > Coats & Parkas > Trench Coats,Clothing > Jackets > Trench,SUPPORTED DRAFT,Keeps the named merchandise family; finer ROPI detail remains in the primary fields.,BROADER LEGACY,L220,,
T119,Clothing > Outerwear & Jackets > Jackets > Athletic Jackets,Clothing > Jackets > Athletic,SUPPORTED DRAFT,Keeps the named merchandise family; finer ROPI detail remains in the primary fields.,BROADER LEGACY,L191,,
T120,Clothing > Outerwear & Jackets > Jackets > Bomber Jackets,Clothing > Jackets > Bomber,SUPPORTED DRAFT,Keeps the named merchandise family; finer ROPI detail remains in the primary fields.,BROADER LEGACY,L193,,
T121,Clothing > Outerwear & Jackets > Jackets > Denim Jackets,Clothing > Jackets > Denim,SUPPORTED DRAFT,Keeps the named merchandise family; finer ROPI detail remains in the primary fields.,BROADER LEGACY,L199,,
T122,Clothing > Outerwear & Jackets > Jackets > Leather/Moto Jackets,,REVIEW,Plausible legacy candidate has a different/broader family label; confirm website/report meaning before selecting it.,REVIEW,,Clothing > Jackets > Motor,L205
T123,Clothing > Outerwear & Jackets > Jackets > Racing Jackets,Clothing > Jackets > Racing Jacket,SUPPORTED DRAFT,Keeps the named merchandise family; finer ROPI detail remains in the primary fields.,BROADER LEGACY,L212,,
T124,Clothing > Outerwear & Jackets > Jackets > Track Jackets,Clothing > Jackets > Track Jackets,SUPPORTED DRAFT,Keeps the named merchandise family; finer ROPI detail remains in the primary fields.,BROADER LEGACY,L219,,
T125,Clothing > Outerwear & Jackets > Jackets > Varsity Jackets,Clothing > Jackets > Varsity Jacket,SUPPORTED DRAFT,Keeps the named merchandise family; finer ROPI detail remains in the primary fields.,BROADER LEGACY,L222,,
T126,Clothing > Outerwear & Jackets > Jackets > Windbreakers,Clothing > Jackets > Windbreaker,SUPPORTED DRAFT,Keeps the named merchandise family; finer ROPI detail remains in the primary fields.,BROADER LEGACY,L223,,
T127,Clothing > Outerwear & Jackets > Vests > Fleece Vests,Clothing > Vests > Outerwear,PO APPROVED,PO approved 2026-10-06: use this existing broader legacy output; retain full four-level detail in ROPI. Approval covers this draft-map choice only; implementation remains HOLD.,BROADER LEGACY,L458,Clothing > Vests > Outerwear,L458
T128,Clothing > Outerwear & Jackets > Vests > Puffer Vests,Clothing > Vests > Outerwear,PO APPROVED,PO approved 2026-10-06: use this existing broader legacy output; retain full four-level detail in ROPI. Approval covers this draft-map choice only; implementation remains HOLD.,BROADER LEGACY,L458,Clothing > Vests > Outerwear,L458
T129,Clothing > Outerwear & Jackets > Vests > Utility Vests,Clothing > Vests > Utility Vests,SUPPORTED DRAFT,Keeps the named merchandise family; finer ROPI detail remains in the primary fields.,BROADER LEGACY,L459,,
T130,Clothing > Swimwear > Bikinis > Bandeau,Clothing > Swimwear > Swimwear,SUPPORTED DRAFT,Keeps the named merchandise family; finer ROPI detail remains in the primary fields.,BROADER LEGACY,L392,,
T131,Clothing > Swimwear > Bikinis > Triangle,Clothing > Swimwear > Swimwear,SUPPORTED DRAFT,Keeps the named merchandise family; finer ROPI detail remains in the primary fields.,BROADER LEGACY,L392,,
T132,Clothing > Swimwear > Boardshorts > Hybrid,Clothing > Shorts > Boardshorts,SUPPORTED DRAFT,Keeps the named merchandise family; finer ROPI detail remains in the primary fields.,BROADER LEGACY,L318,,
T133,Clothing > Swimwear > Boardshorts > Regular,Clothing > Shorts > Boardshorts,SUPPORTED DRAFT,Keeps the named merchandise family; finer ROPI detail remains in the primary fields.,BROADER LEGACY,L318,,
T134,Clothing > Swimwear > Briefs > Competition,Clothing > Swimwear > Swimwear,SUPPORTED DRAFT,Keeps the named merchandise family; finer ROPI detail remains in the primary fields.,BROADER LEGACY,L392,,
T135,Clothing > Swimwear > Briefs > Fashion,Clothing > Swimwear > Swimwear,SUPPORTED DRAFT,Keeps the named merchandise family; finer ROPI detail remains in the primary fields.,BROADER LEGACY,L392,,
T136,Clothing > Swimwear > Cover-Ups > Dress,Clothing > Swimwear > Swimwear,SUPPORTED DRAFT,Keeps the named merchandise family; finer ROPI detail remains in the primary fields.,BROADER LEGACY,L392,,
T137,Clothing > Swimwear > Cover-Ups > Kimono,Clothing > Swimwear > Swimwear,SUPPORTED DRAFT,Keeps the named merchandise family; finer ROPI detail remains in the primary fields.,BROADER LEGACY,L392,,
T138,Clothing > Swimwear > One-Piece > Classic,Clothing > Swimwear > Swimwear,SUPPORTED DRAFT,Keeps the named merchandise family; finer ROPI detail remains in the primary fields.,BROADER LEGACY,L392,,
T139,Clothing > Swimwear > One-Piece > Sporty,Clothing > Swimwear > Swimwear,SUPPORTED DRAFT,Keeps the named merchandise family; finer ROPI detail remains in the primary fields.,BROADER LEGACY,L392,,
T140,Clothing > Swimwear > Trunks > Classic,Clothing > Swimwear > Swimwear,SUPPORTED DRAFT,Keeps the named merchandise family; finer ROPI detail remains in the primary fields.,BROADER LEGACY,L392,,
T141,Clothing > Swimwear > Trunks > Print,Clothing > Swimwear > Swimwear,SUPPORTED DRAFT,Keeps the named merchandise family; finer ROPI detail remains in the primary fields.,BROADER LEGACY,L392,,
T142,Clothing > Team Gear & Licensed > Jerseys > Baseball Jerseys,Clothing > Jerseys > Baseball,SUPPORTED DRAFT,Keeps the named merchandise family; finer ROPI detail remains in the primary fields.,BROADER LEGACY,L238,,
T143,Clothing > Team Gear & Licensed > Jerseys > Basketball Jerseys,Clothing > Jerseys > Basketball,SUPPORTED DRAFT,Keeps the named merchandise family; finer ROPI detail remains in the primary fields.,BROADER LEGACY,L239,,
T144,Clothing > Team Gear & Licensed > Jerseys > Football Jerseys,Clothing > Jerseys > Jersey,SUPPORTED DRAFT,Keeps the named merchandise family; finer ROPI detail remains in the primary fields.,BROADER LEGACY,L240,,
T145,Clothing > Tops > Bodysuits > Long Sleeve,Clothing > Tops > Bodysuit,SUPPORTED DRAFT,Keeps the named merchandise family; finer ROPI detail remains in the primary fields.,BROADER LEGACY,L418,,
T146,Clothing > Tops > Bodysuits > Sleeveless,Clothing > Tops > Bodysuit,SUPPORTED DRAFT,Keeps the named merchandise family; finer ROPI detail remains in the primary fields.,BROADER LEGACY,L418,,
T147,Clothing > Tops > Button-Down Shirts > Casual,Clothing > Shirts > Button Up,SUPPORTED DRAFT,Keeps the named merchandise family; finer ROPI detail remains in the primary fields.,BROADER LEGACY,L291,,
T148,Clothing > Tops > Button-Down Shirts > Dress,Clothing > Shirts > Button Up,SUPPORTED DRAFT,Keeps the named merchandise family; finer ROPI detail remains in the primary fields.,BROADER LEGACY,L291,,
T149,Clothing > Tops > Polos > Long Sleeve,Clothing > Polo > Long Sleeve,SUPPORTED DRAFT,Keeps the named merchandise family; finer ROPI detail remains in the primary fields.,BROADER LEGACY,L287,,
T150,Clothing > Tops > Polos > Short Sleeve,Clothing > Polo > Short Sleeve,SUPPORTED DRAFT,Keeps the named merchandise family; finer ROPI detail remains in the primary fields.,BROADER LEGACY,L288,,
T151,Clothing > Tops > Shirts & Blouses > Flannel,Clothing > Shirts > Flannel,SUPPORTED DRAFT,Keeps the named merchandise family; finer ROPI detail remains in the primary fields.,BROADER LEGACY,L296,,
T152,Clothing > Tops > Shirts & Blouses > Long Sleeve Button-Up Shirts,Clothing > Shirts > Long Sleeve Buttondown Shirts,SUPPORTED DRAFT,Keeps the named merchandise family; finer ROPI detail remains in the primary fields.,BROADER LEGACY,L299,,
T153,Clothing > Tops > Shirts & Blouses > Long Sleeve Wovens,Clothing > Tops > Wovens,SUPPORTED DRAFT,Keeps the named merchandise family; finer ROPI detail remains in the primary fields.,BROADER LEGACY,L453,,
T154,Clothing > Tops > Shirts & Blouses > Short Sleeve Button-Up Shirts,Clothing > Shirts > Short Sleeve Buttondown Shirts,SUPPORTED DRAFT,Keeps the named merchandise family; finer ROPI detail remains in the primary fields.,BROADER LEGACY,L305,,
T155,Clothing > Tops > Shirts & Blouses > Short Sleeve Wovens,Clothing > Tops > Wovens,SUPPORTED DRAFT,Keeps the named merchandise family; finer ROPI detail remains in the primary fields.,BROADER LEGACY,L453,,
T156,Clothing > Tops > Sweaters & Knits > Cardigans,Clothing > Sweaters > Cardigan,SUPPORTED DRAFT,Keeps the named merchandise family; finer ROPI detail remains in the primary fields.,BROADER LEGACY,L356,,
T157,Clothing > Tops > Sweaters & Knits > Crewneck Sweaters,Clothing > Sweaters > Crewneck,SUPPORTED DRAFT,Keeps the named merchandise family; finer ROPI detail remains in the primary fields.,BROADER LEGACY,L358,,
T158,Clothing > Tops > Sweaters & Knits > Rugby Shirts,Clothing > Shirts > Rugbys,SUPPORTED DRAFT,Keeps the named merchandise family; finer ROPI detail remains in the primary fields.,BROADER LEGACY,L302,,
T159,Clothing > Tops > Sweaters & Knits > Turtleneck Sweaters,Clothing > Knit Tops > Sweaters,SUPPORTED DRAFT,Keeps the named merchandise family; finer ROPI detail remains in the primary fields.,BROADER LEGACY,L246,,
T160,Clothing > Tops > Sweaters & Knits > V-Neck Sweaters,Clothing > Knit Tops > Sweaters,SUPPORTED DRAFT,Keeps the named merchandise family; finer ROPI detail remains in the primary fields.,BROADER LEGACY,L246,,
T161,Clothing > Tops > T-Shirts > Baseball Tees,Clothing > T-shirts > Baseball Tees,SUPPORTED DRAFT,Keeps the named merchandise family; finer ROPI detail remains in the primary fields.,BROADER LEGACY,L395,,
T162,Clothing > Tops > T-Shirts > Graphic Tees,Clothing > T-shirts > Graphics,SUPPORTED DRAFT,Keeps the named merchandise family; finer ROPI detail remains in the primary fields.,BROADER LEGACY,L401,,
T163,Clothing > Tops > T-Shirts > Long Sleeve,Clothing > T-shirts > Long Sleeve,SUPPORTED DRAFT,Keeps the named merchandise family; finer ROPI detail remains in the primary fields.,BROADER LEGACY,L403,,
T164,Clothing > Tops > T-Shirts > Muscle Tees,Clothing > T-shirts > Shirts,SUPPORTED DRAFT,Keeps the named merchandise family; finer ROPI detail remains in the primary fields.,BROADER LEGACY,L407,,
T165,Clothing > Tops > T-Shirts > Performance Tees,Clothing > T-shirts > Activewear,SUPPORTED DRAFT,Keeps the named merchandise family; finer ROPI detail remains in the primary fields.,BROADER LEGACY,L394,,
T166,Clothing > Tops > T-Shirts > Short Sleeve,Clothing > T-shirts > Short Sleeve,SUPPORTED DRAFT,Keeps the named merchandise family; finer ROPI detail remains in the primary fields.,BROADER LEGACY,L408,,
T167,Clothing > Tops > T-Shirts > Sleeveless Shirts,Clothing > T-shirts > Shirts,SUPPORTED DRAFT,Keeps the named merchandise family; finer ROPI detail remains in the primary fields.,BROADER LEGACY,L407,,
T168,Clothing > Tops > T-Shirts > Striped & Pattern Tees,Clothing > Shirts > Striped or Pattern Tees,SUPPORTED DRAFT,Keeps the named merchandise family; finer ROPI detail remains in the primary fields.,BROADER LEGACY,L308,,
T169,Clothing > Tops > T-Shirts > Thermals,Clothing > T-shirts > Shirts,SUPPORTED DRAFT,Keeps the named merchandise family; finer ROPI detail remains in the primary fields.,BROADER LEGACY,L407,,
T170,Clothing > Tops > Tank Tops > Athletic,Clothing > Tops > Tank Tops,SUPPORTED DRAFT,Keeps the named merchandise family; finer ROPI detail remains in the primary fields.,BROADER LEGACY,L446,,
T171,Clothing > Tops > Tank Tops > Casual,Clothing > Tops > Tank Tops,SUPPORTED DRAFT,Keeps the named merchandise family; finer ROPI detail remains in the primary fields.,BROADER LEGACY,L446,,
T172,Footwear > Boots > Casual Boots > Chukka Boots,Footwear > Boots > Chukka,SUPPORTED DRAFT,Keeps the named merchandise family; finer ROPI detail remains in the primary fields.,BROADER LEGACY,L482,,
T173,Footwear > Boots > Chelsea Boots > Leather,Footwear > Boots > Chelsea,SUPPORTED DRAFT,Keeps the named merchandise family; finer ROPI detail remains in the primary fields.,BROADER LEGACY,L481,,
T174,Footwear > Boots > Chelsea Boots > Suede,Footwear > Boots > Chelsea,SUPPORTED DRAFT,Keeps the named merchandise family; finer ROPI detail remains in the primary fields.,BROADER LEGACY,L481,,
T175,Footwear > Boots > Combat & Work Boots > Lace-Up Boots,Footwear > Boots > Boots,PO APPROVED,PO approved 2026-10-06: use this existing broader legacy output; retain full four-level detail in ROPI. Approval covers this draft-map choice only; implementation remains HOLD.,BROADER LEGACY,L480,Footwear > Boots > Boots,L480
T176,Footwear > Boots > Combat & Work Boots > Lug Sole Boots,Footwear > Boots > Boots,PO APPROVED,PO approved 2026-10-06: use this existing broader legacy output; retain full four-level detail in ROPI. Approval covers this draft-map choice only; implementation remains HOLD.,BROADER LEGACY,L480,Footwear > Boots > Boots,L480
T177,Footwear > Boots > Combat & Work Boots > Zip-Up Boots,Footwear > Boots > Boots,PO APPROVED,PO approved 2026-10-06: use this existing broader legacy output; retain full four-level detail in ROPI. Approval covers this draft-map choice only; implementation remains HOLD.,BROADER LEGACY,L480,Footwear > Boots > Boots,L480
T178,Footwear > Boots > Fashion Boots > Booties,Footwear > Boots > Booties,SUPPORTED DRAFT,Keeps the named merchandise family; finer ROPI detail remains in the primary fields.,BROADER LEGACY,L479,,
T179,Footwear > Boots > Fashion Boots > Fur Boots,Footwear > Boots > Fur boots,SUPPORTED DRAFT,Keeps the named merchandise family; finer ROPI detail remains in the primary fields.,BROADER LEGACY,L495,,
T180,Footwear > Boots > Fashion Boots > Knee-High,Footwear > Boots > Knee High Boots,SUPPORTED DRAFT,Keeps the named merchandise family; finer ROPI detail remains in the primary fields.,BROADER LEGACY,L503,,
T181,Footwear > Boots > Fashion Boots > Lace-Up,Footwear > Boots > Fashion Boots,SUPPORTED DRAFT,Keeps the named merchandise family; finer ROPI detail remains in the primary fields.,BROADER LEGACY,L490,,
T182,Footwear > Boots > Fashion Boots > Mid-Calf Boots,Footwear > Boots > Mid Calf Boots,SUPPORTED DRAFT,Keeps the named merchandise family; finer ROPI detail remains in the primary fields.,BROADER LEGACY,L508,,
T183,Footwear > Boots > Fashion Boots > Over-The-Knee,Footwear > Boots > Over The Knee,SUPPORTED DRAFT,Keeps the named merchandise family; finer ROPI detail remains in the primary fields.,BROADER LEGACY,L510,,
T184,Footwear > Boots > Fashion Boots > Riding Boots,Footwear > Boots > Riding Boots,SUPPORTED DRAFT,Keeps the named merchandise family; finer ROPI detail remains in the primary fields.,BROADER LEGACY,L519,,
T185,Footwear > Boots > Fashion Boots > Slouch Boots,Footwear > Boots > Fashion Boots,SUPPORTED DRAFT,Keeps the named merchandise family; finer ROPI detail remains in the primary fields.,BROADER LEGACY,L490,,
T186,Footwear > Boots > Fashion Boots > Thigh-High,Footwear > Boots > Thigh High Boots,SUPPORTED DRAFT,Keeps the named merchandise family; finer ROPI detail remains in the primary fields.,BROADER LEGACY,L523,,
T187,Footwear > Boots > Rain Boots > Short,Footwear > Boots > Rain Boots,SUPPORTED DRAFT,Keeps the named merchandise family; finer ROPI detail remains in the primary fields.,BROADER LEGACY,L517,,
T188,Footwear > Boots > Rain Boots > Tall,Footwear > Boots > Rain Boots,SUPPORTED DRAFT,Keeps the named merchandise family; finer ROPI detail remains in the primary fields.,BROADER LEGACY,L517,,
T189,Footwear > Boots > Western Boots > Cowboy Boots,Footwear > Boots > Cowboy Boots,SUPPORTED DRAFT,Keeps the named merchandise family; finer ROPI detail remains in the primary fields.,BROADER LEGACY,L488,,
T190,Footwear > Boots > Winter & Weather > Insulated,Footwear > Boots > Boots,PO APPROVED,PO approved 2026-10-06: use this existing broader legacy output; retain full four-level detail in ROPI. Approval covers this draft-map choice only; implementation remains HOLD.,BROADER LEGACY,L480,Footwear > Boots > Boots,L480
T191,Footwear > Boots > Winter & Weather > Snow Boots,,REVIEW,A broader Boots output exists; confirm generic grouping versus product-specific legacy type. Snow also has observed Rain & Snow (L516) as a candidate.,REVIEW,,Footwear > Boots > Boots,L480
T192,Footwear > Boots > Winter & Weather > Waterproof,Footwear > Boots > Water Proof,SUPPORTED DRAFT,Keeps the named merchandise family; finer ROPI detail remains in the primary fields.,BROADER LEGACY,L524,,
T193,Footwear > Casual Shoes > Boat Shoes > Canvas,Footwear > Boat Shoes > Boat Shoes,SUPPORTED DRAFT,Keeps the named merchandise family; finer ROPI detail remains in the primary fields.,BROADER LEGACY,L470,,
T194,Footwear > Casual Shoes > Boat Shoes > Leather,Footwear > Boat Shoes > Boat Shoes,SUPPORTED DRAFT,Keeps the named merchandise family; finer ROPI detail remains in the primary fields.,BROADER LEGACY,L470,,
T195,Footwear > Casual Shoes > Espadrilles > Slip-On,,REVIEW,No defensible same-Department legacy tuple selected from the observed old source; verify missing coverage or required product detail.,REVIEW,,,
T196,Footwear > Casual Shoes > Espadrilles > Wedge,Footwear > Wedges > Wedges,SUPPORTED DRAFT,Espadrille Wedge is explicitly a wedge; observed legacy Wedges output preserves that family without invented detail.,BROADER LEGACY,L781,,
T197,Footwear > Casual Shoes > Flats > Ballet,Footwear > Flats > Ballerina,SUPPORTED DRAFT,Keeps the named merchandise family; finer ROPI detail remains in the primary fields.,BROADER LEGACY,L558,,
T198,Footwear > Casual Shoes > Flats > Slip-On,Footwear > Flats > Slip On,SUPPORTED DRAFT,Keeps the named merchandise family; finer ROPI detail remains in the primary fields.,BROADER LEGACY,L567,,
T199,Footwear > Casual Shoes > Moccasins > Suede,Footwear > Moccasin > Moccasins,SUPPORTED DRAFT,Keeps the named merchandise family; finer ROPI detail remains in the primary fields.,BROADER LEGACY,L622,,
T200,Footwear > Clogs > Classic Clogs > Classic,,REVIEW,No clean generic Clogs > Clogs old tuple; available Clogs values imply other forms or 0. Choose external output with evidence.,REVIEW,,,
T201,Footwear > Clogs > Platform Clogs > Platform,,REVIEW,No clean generic Clogs > Clogs old tuple; available Clogs values imply other forms or 0. Choose external output with evidence.,REVIEW,,,
T202,Footwear > Dress Shoes > Derbies > Classic,,REVIEW,No defensible same-Department legacy tuple selected from the observed old source; verify missing coverage or required product detail.,REVIEW,,,
T203,Footwear > Dress Shoes > Loafers > Bit,Footwear > Casual > Loafers,SUPPORTED DRAFT,Keeps the named merchandise family; finer ROPI detail remains in the primary fields.,BROADER LEGACY,L533,,
T204,Footwear > Dress Shoes > Loafers > Penny,Footwear > Casual > Loafers,SUPPORTED DRAFT,Keeps the named merchandise family; finer ROPI detail remains in the primary fields.,BROADER LEGACY,L533,,
T205,Footwear > Dress Shoes > Loafers > Tassel,Footwear > Casual > Loafers,SUPPORTED DRAFT,Keeps the named merchandise family; finer ROPI detail remains in the primary fields.,BROADER LEGACY,L533,,
T206,Footwear > Dress Shoes > Monk Straps > Double,,REVIEW,No defensible same-Department legacy tuple selected from the observed old source; verify missing coverage or required product detail.,REVIEW,,,
T207,Footwear > Dress Shoes > Monk Straps > Single,,REVIEW,No defensible same-Department legacy tuple selected from the observed old source; verify missing coverage or required product detail.,REVIEW,,,
T208,Footwear > Dress Shoes > Oxfords > Cap Toe,Footwear > Oxford > Oxfords,SUPPORTED DRAFT,Keeps the named merchandise family; finer ROPI detail remains in the primary fields.,BROADER LEGACY,L629,,
T209,Footwear > Dress Shoes > Oxfords > Plain Toe,Footwear > Oxford > Oxfords,SUPPORTED DRAFT,Keeps the named merchandise family; finer ROPI detail remains in the primary fields.,BROADER LEGACY,L629,,
T210,Footwear > Dress Shoes > Oxfords > Wingtip,Footwear > Oxford > Oxfords,SUPPORTED DRAFT,Keeps the named merchandise family; finer ROPI detail remains in the primary fields.,BROADER LEGACY,L629,,
T211,Footwear > High Heels > Platform Heels > Chunky Heel,Footwear > High Heels > Platform,SUPPORTED DRAFT,Keeps the named merchandise family; finer ROPI detail remains in the primary fields.,BROADER LEGACY,L598,,
T212,Footwear > High Heels > Platform Heels > Double Platform,Footwear > High Heels > Platform,SUPPORTED DRAFT,Keeps the named merchandise family; finer ROPI detail remains in the primary fields.,BROADER LEGACY,L598,,
T213,Footwear > High Heels > Pumps & Stilettos > Ankle Strap,Footwear > High Heels > Pumps & Stilettos,SUPPORTED DRAFT,Keeps the named merchandise family; finer ROPI detail remains in the primary fields.,BROADER LEGACY,L602,,
T214,Footwear > High Heels > Pumps & Stilettos > Clear/Rhinestone,Footwear > High Heels > Pumps & Stilettos,SUPPORTED DRAFT,Keeps the named merchandise family; finer ROPI detail remains in the primary fields.,BROADER LEGACY,L602,,
T215,Footwear > High Heels > Pumps & Stilettos > Low Heel,Footwear > High Heels > Low Heel,SUPPORTED DRAFT,Keeps the named merchandise family; finer ROPI detail remains in the primary fields.,BROADER LEGACY,L594,,
T216,Footwear > High Heels > Pumps & Stilettos > Open Toe,Footwear > High Heels > Open Toe,SUPPORTED DRAFT,Keeps the named merchandise family; finer ROPI detail remains in the primary fields.,BROADER LEGACY,L596,,
T217,Footwear > High Heels > Pumps & Stilettos > Pointy Toe,Footwear > High Heels > Pumps & Stilettos,SUPPORTED DRAFT,Keeps the named merchandise family; finer ROPI detail remains in the primary fields.,BROADER LEGACY,L602,,
T218,Footwear > Sandals & Wedges > Sandals > Double Strap Sandals,Footwear > Sandals > Sandals,SUPPORTED DRAFT,Keeps the named merchandise family; finer ROPI detail remains in the primary fields.,BROADER LEGACY,L677,,
T219,Footwear > Sandals & Wedges > Sandals > Flat,Footwear > Sandals > Flat,SUPPORTED DRAFT,Keeps the named merchandise family; finer ROPI detail remains in the primary fields.,BROADER LEGACY,L661,,
T220,Footwear > Sandals & Wedges > Sandals > Gladiator,Footwear > Sandals > Gladiator,SUPPORTED DRAFT,Keeps the named merchandise family; finer ROPI detail remains in the primary fields.,BROADER LEGACY,L664,,
T221,Footwear > Sandals & Wedges > Sandals > Heeled,Footwear > Sandals > Heels,SUPPORTED DRAFT,Keeps the named merchandise family; finer ROPI detail remains in the primary fields.,BROADER LEGACY,L665,,
T222,Footwear > Sandals & Wedges > Sandals > Strappy,Footwear > Sandals > Strappy,SUPPORTED DRAFT,Keeps the named merchandise family; finer ROPI detail remains in the primary fields.,BROADER LEGACY,L682,,
T223,Footwear > Sandals & Wedges > Slides & Flip-Flops > Beach,,REVIEW,Beach or Leather does not distinguish slide from flip-flop; product detail is needed.,REVIEW,,Footwear > Sandals > Slides,L679
T224,Footwear > Sandals & Wedges > Slides & Flip-Flops > Fashion Slides,Footwear > Sandals > Slides,SUPPORTED DRAFT,Keeps the named merchandise family; finer ROPI detail remains in the primary fields.,BROADER LEGACY,L679,,
T225,Footwear > Sandals & Wedges > Slides & Flip-Flops > Flip-Flops,Footwear > Sandals > Flip Flop,SUPPORTED DRAFT,Keeps the named merchandise family; finer ROPI detail remains in the primary fields.,BROADER LEGACY,L663,,
T226,Footwear > Sandals & Wedges > Slides & Flip-Flops > Leather,,REVIEW,Beach or Leather does not distinguish slide from flip-flop; product detail is needed.,REVIEW,,Footwear > Sandals > Slides,L679
T227,Footwear > Sandals & Wedges > Slides & Flip-Flops > Sport Slides,Footwear > Sandals > Slides,SUPPORTED DRAFT,Keeps the named merchandise family; finer ROPI detail remains in the primary fields.,BROADER LEGACY,L679,,
T228,Footwear > Sandals & Wedges > Wedges > Espadrille Wedges,Footwear > Wedges > Wedges,SUPPORTED DRAFT,Keeps the named merchandise family; finer ROPI detail remains in the primary fields.,BROADER LEGACY,L781,,
T229,Footwear > Sandals & Wedges > Wedges > Gravity Wedge,Footwear > Wedges > Wedges,SUPPORTED DRAFT,Keeps the named merchandise family; finer ROPI detail remains in the primary fields.,BROADER LEGACY,L781,,
T230,Footwear > Sandals & Wedges > Wedges > Platform Wedges,Footwear > Wedges > Wedges,SUPPORTED DRAFT,Keeps the named merchandise family; finer ROPI detail remains in the primary fields.,BROADER LEGACY,L781,,
T231,Footwear > Shoe Accessories > Shoe Care & Accessories > Insoles,,REVIEW,Plausible legacy candidate has a different/broader family label; confirm website/report meaning before selecting it.,REVIEW,,Footwear > Soles > Shoe Care,L777
T232,Footwear > Shoe Accessories > Shoe Care & Accessories > Lace Kits,,REVIEW,Plausible legacy candidate has a different/broader family label; confirm website/report meaning before selecting it.,REVIEW,,Footwear > Soles > Shoe Care,L777
T233,Footwear > Slip-Ons > Canvas Slip-Ons > Canvas,,REVIEW,No generic Slip-on > Slip On old tuple; existing values imply other footwear families. Do not choose New Shoes/Lifestyle by default.,REVIEW,,,
T234,Footwear > Slip-Ons > Knit Slip-Ons > Knit,,REVIEW,No generic Slip-on > Slip On old tuple; existing values imply other footwear families. Do not choose New Shoes/Lifestyle by default.,REVIEW,,,
T235,Footwear > Slippers > Booties > Knit,Footwear > Slippers > Slippers,SUPPORTED DRAFT,Keeps the named merchandise family; finer ROPI detail remains in the primary fields.,BROADER LEGACY,L733,,
T236,Footwear > Slippers > Mules > Fleece-Lined,Footwear > Slippers > Slippers,SUPPORTED DRAFT,Keeps the named merchandise family; finer ROPI detail remains in the primary fields.,BROADER LEGACY,L733,,
T237,Footwear > Slippers > Scuffs > Open-Toe,Footwear > Slippers > Slippers,SUPPORTED DRAFT,Keeps the named merchandise family; finer ROPI detail remains in the primary fields.,BROADER LEGACY,L733,,
T238,Footwear > Sneakers > Basketball > Performance,Footwear > Sneakers > Basketball,SUPPORTED DRAFT,Keeps the named merchandise family; finer ROPI detail remains in the primary fields.,BROADER LEGACY,L741,,
T239,Footwear > Sneakers > Basketball > Retro,Footwear > Sneakers > Basketball,SUPPORTED DRAFT,Keeps the named merchandise family; finer ROPI detail remains in the primary fields.,BROADER LEGACY,L741,,
T240,Footwear > Sneakers > Basketball > Signature Basketball,Footwear > Sneakers > Basketball,SUPPORTED DRAFT,Keeps the named merchandise family; finer ROPI detail remains in the primary fields.,BROADER LEGACY,L741,,
T241,Footwear > Sneakers > Lifestyle > Chunky Sneakers,Footwear > Sneakers > Chunky / Block Sneaker,SUPPORTED DRAFT,Keeps the named merchandise family; finer ROPI detail remains in the primary fields.,BROADER LEGACY,L744,,
T242,Footwear > Sneakers > Lifestyle > High-Top,Footwear > Sneakers > High-tops,SUPPORTED DRAFT,Keeps the named merchandise family; finer ROPI detail remains in the primary fields.,BROADER LEGACY,L750,,
T243,Footwear > Sneakers > Lifestyle > Low Profile Sneakers,Footwear > Sneakers > Lifestyle,SUPPORTED DRAFT,Keeps the named merchandise family; finer ROPI detail remains in the primary fields.,BROADER LEGACY,L753,,
T244,Footwear > Sneakers > Lifestyle > Low-Top,Footwear > Sneakers > Lifestyle,SUPPORTED DRAFT,Keeps the named merchandise family; finer ROPI detail remains in the primary fields.,BROADER LEGACY,L753,,
T245,Footwear > Sneakers > Lifestyle > Mary Jane,Footwear > Sneakers > Mary Jane,SUPPORTED DRAFT,Keeps the named merchandise family; finer ROPI detail remains in the primary fields.,BROADER LEGACY,L755,,
T246,Footwear > Sneakers > Lifestyle > Mid-Top,Footwear > Sneakers > Lifestyle,SUPPORTED DRAFT,Keeps the named merchandise family; finer ROPI detail remains in the primary fields.,BROADER LEGACY,L753,,
T247,Footwear > Sneakers > Lifestyle > Platform,Footwear > Sneakers > Platform Sneakers,SUPPORTED DRAFT,Keeps the named merchandise family; finer ROPI detail remains in the primary fields.,BROADER LEGACY,L761,,
T248,Footwear > Sneakers > Lifestyle > Slip-On,Footwear > Sneakers > Slip On,SUPPORTED DRAFT,Keeps the named merchandise family; finer ROPI detail remains in the primary fields.,BROADER LEGACY,L769,,
T249,Footwear > Sneakers > Running > Road Running,Footwear > Sneakers > Running,SUPPORTED DRAFT,Keeps the named merchandise family; finer ROPI detail remains in the primary fields.,BROADER LEGACY,L764,,
T250,Footwear > Sneakers > Running > Track & Field,Footwear > Sneakers > Running,SUPPORTED DRAFT,Keeps the named merchandise family; finer ROPI detail remains in the primary fields.,BROADER LEGACY,L764,,
T251,Footwear > Sneakers > Running > Trail Running,Footwear > Sneakers > Running,SUPPORTED DRAFT,Keeps the named merchandise family; finer ROPI detail remains in the primary fields.,BROADER LEGACY,L764,,
T252,Footwear > Sneakers > Skate > Classics,Footwear > Sneakers > Skate,SUPPORTED DRAFT,Keeps the named merchandise family; finer ROPI detail remains in the primary fields.,BROADER LEGACY,L767,,
T253,Footwear > Sneakers > Skate > Pro Models,Footwear > Sneakers > Skate,SUPPORTED DRAFT,Keeps the named merchandise family; finer ROPI detail remains in the primary fields.,BROADER LEGACY,L767,,
T254,Footwear > Sneakers > Tennis > Clay Court,Footwear > Sneakers > Tennis,SUPPORTED DRAFT,Keeps the named merchandise family; finer ROPI detail remains in the primary fields.,BROADER LEGACY,L773,,
T255,Footwear > Sneakers > Tennis > Hard Court,Footwear > Sneakers > Tennis,SUPPORTED DRAFT,Keeps the named merchandise family; finer ROPI detail remains in the primary fields.,BROADER LEGACY,L773,,
T256,Footwear > Sneakers > Training > Cross Training,Footwear > Sneakers > Training,SUPPORTED DRAFT,Keeps the named merchandise family; finer ROPI detail remains in the primary fields.,BROADER LEGACY,L775,,
T257,Footwear > Sneakers > Training > Weightlifting,Footwear > Sneakers > Training,SUPPORTED DRAFT,Keeps the named merchandise family; finer ROPI detail remains in the primary fields.,BROADER LEGACY,L775,,
T258,Accessories > Bags & Backpacks > Handbags & Purses > Handbags,Accessories > Bags > Handbags,SUPPORTED DRAFT,Existing generic Handbags output; no bag construction or material is added. Draft website target; not separate PO or external-contract approval.,EXISTING LEGACY FAMILY,L026,,
T259,Accessories > Bags & Backpacks > Handbags & Purses > Clutches,Accessories > Bags > Clutches,SUPPORTED DRAFT,Existing Clutches output names the same type. Draft website target; not separate PO or external-contract approval.,EXISTING LEGACY FAMILY,L019,,
T260,Accessories > Bags & Backpacks > Handbags & Purses > Evening Bags,Accessories > Bags > Evening Bag,SUPPORTED DRAFT,Existing Evening Bag output names the same type. Draft website target; not separate PO or external-contract approval.,EXISTING LEGACY FAMILY,L024,,
T261,Accessories > Bags & Backpacks > Handbags & Purses > Shoulder Bags,Accessories > Bags > Shoulder Bags,SUPPORTED DRAFT,Existing Shoulder Bags output names the same type. Draft website target; not separate PO or external-contract approval.,EXISTING LEGACY FAMILY,L030,,
T262,Accessories > Beauty & Grooming > Fragrance > Perfume,Accessories > Body > Perfumes,SUPPORTED DRAFT,Existing Perfumes output names the same fragrance family. Draft website target; not separate PO or external-contract approval.,EXISTING LEGACY FAMILY,L038,,
T263,Accessories > Gear & Misc > Personal & Small Accessories > Face Masks,Accessories > Face Mask > Face,SUPPORTED DRAFT,Face Mask Class identifies the generic family; Face is used rather than the narrower Reusable output. Draft website target; not separate PO or external-contract approval.,EXISTING LEGACY FAMILY,L043,,
T264,Accessories > Gear & Misc > Shoe Care & Accessories > Shoe Charms,,REVIEW,The only shoe-charms outputs say Jibbitz (L106/L009); a generic Shoe Charms path does not establish that brand-specific label. Confirm an accepted generic legacy output/meaning before selecting it.,REVIEW,,Accessories > Shoe Charms > Jibbitz,L106
T265,Accessories > Gear & Misc > Personal & Small Accessories > Blue-Light Glasses,Accessories > Glasses > Blue Light,SUPPORTED DRAFT,Existing Glasses / Blue Light output names the same type. Draft website target; not separate PO or external-contract approval.,EXISTING LEGACY FAMILY,L047,,
T266,Accessories > Headwear > Hat Care > Hat Cleaner,Accessories > Hat Care > Cleaner,SUPPORTED DRAFT,Existing Hat Care / Cleaner output preserves the stated use. Draft website target; not separate PO or external-contract approval.,EXISTING LEGACY FAMILY,L063,,
T267,Accessories > Neckwear > Scarves & Wraps > Scarves,Accessories > Scarves > Outerwear,SUPPORTED DRAFT,Existing Scarves Class preserves the family; Outerwear is the legacy grouping and does not invent material. Draft website target; not separate PO or external-contract approval.,EXISTING LEGACY FAMILY,L100,,
T268,Footwear > Athletic Footwear > Field Sports > Soccer Footwear,Footwear > Athletic > Soccer,SUPPORTED DRAFT,Athletic / Soccer covers the sport without restricting it to sneakers. Draft website target; not separate PO or external-contract approval.,EXISTING LEGACY FAMILY,L468,,
T269,Footwear > Athletic Footwear > Field Sports > Baseball Footwear,Footwear > Shoes > Baseball,SUPPORTED DRAFT,Shoes / Baseball covers the sport without restricting it to sneakers. Draft website target; not separate PO or external-contract approval.,EXISTING LEGACY FAMILY,L690,,
T270,Footwear > Casual Shoes > Flats > Jelly Flats,Footwear > Flats > Jelly,SUPPORTED DRAFT,Existing Flats / Jelly output names the same type. Draft website target; not separate PO or external-contract approval.,EXISTING LEGACY FAMILY,L561,,
